SALE TYPE,SOLD DATE,PROPERTY TYPE,ADDRESS,CITY,STATE OR PROVINCE,ZIP OR POSTAL CODE,PRICE,BEDS,BATHS,LOCATION,SQUARE FEET,LOT SIZE,YEAR BUILT,DAYS ON MARKET,$/SQUARE FEET,HOA/MONTH,STATUS,NEXT OPEN HOUSE START TIME,NEXT OPEN HOUSE END TIME,URL (SEE http://www.redfin.com/buy-a-home/comparative-market-analysis FOR INFO ON PRICING),SOURCE,MLS#,FAVORITE,INTERESTED,LATITUDE,LONGITUDE
MLS Listing,,Single Family Residential,5972 Starwood Dr,SAN JOSE,CA,95120,2250000,4,2.5,SAN JOSE,2705,8540,1986,6,832,,Active,July-18-2021 01:00 PM,July-18-2021 04:00 PM,http://www.redfin.com/CA/San-Jose/5972-Starwood-Dr-95120/home/1535095,MLSListings,ML81852447,N,Y,37.2356033,-121.8759623
MLS Listing,,Single Family Residential,306 Kami Ct,San Ramon,CA,94582,1995000,6,4.5,Windemere,3953,16960,2010,1,505,,Active,,,http://www.redfin.com/CA/San-Ramon/306-Kami-Ct-94582/home/23118126,"bridgeMLS Bay East AOR or Contra Costa AOR",40957292,N,Y,37.7774757,-121.8942595
MLS Listing,,Single Family Residential,1893 Vetta Dr,Livermore,CA,94550,1878000,5,4.5,Livermore,3532,10270,2002,1,532,,Active,,,http://www.redfin.com/CA/Livermore/1893-Vetta-Dr-94550/home/1215099,"bridgeMLS Bay East AOR or Contra Costa AOR",40958605,N,Y,37.6561892,-121.804968
MLS Listing,,Single Family Residential,1845 Amaya Ridge Rd,SOQUEL,CA,95073,2190000,4,3.5,SOQUEL,2951,880217,2012,1,742,,Active,,,http://www.redfin.com/CA/Soquel/1845-Amaya-Ridge-Rd-95073/home/143801628,MLSListings,ML81853489,N,Y,37.080688,-121.9413138
MLS Listing,,Single Family Residential,931 New Haven Ct,CUPERTINO,CA,95014,3968000,5,3.5,CUPERTINO,3762,10282,2014,1,1055,,Active,July-17-2021 02:00 PM,July-17-2021 05:00 PM,http://www.redfin.com/CA/Cupertino/931-New-Haven-Ct-95014/home/781506,MLSListings,ML81853486,N,Y,37.3124876,-122.0533149
MLS Listing,,Single Family Residential,421 Honeysuckle Ln,San Ramon,CA,94582,1674800,4,2.0,Alta Mira,2312,8300,1993,1,724,,Active,July-18-2021 01:00 PM,July-18-2021 04:00 PM,http://www.redfin.com/CA/San-Ramon/421-Honeysuckle-Ln-94582/home/701932,"bridgeMLS Bay East AOR or Contra Costa AOR",40958106,N,Y,37.7841932,-121.9224665
MLS Listing,,Single Family Residential,651 29th St,SAN FRANCISCO,CA,94131,7000000,4,4.5,SAN FRANCISCO,6929,6597,2004,1,1010,,Active,,,http://www.redfin.com/CA/San-Francisco/651-29th-St-94131/home/69371622,MLSListings,ML81849421,N,Y,37.7430674,-122.4344663
MLS Listing,,Single Family Residential,189 Kent Rd,PACIFICA,CA,94044,4775000,6,4.5,PACIFICA,3910,9180,2003,1,1221,,Active,,,http://www.redfin.com/CA/Pacifica/189-Kent-Rd-94044/home/1086239,MLSListings,ML81845012,N,Y,37.5968062,-122.5111517
MLS Listing,,Single Family Residential,420 Conifer Ln,SANTA CRUZ,CA,95060,1398000,3,3.0,SANTA CRUZ,2777,93088,1995,1,503,,Active,July-17-2021 01:00 PM,July-17-2021 04:00 PM,http://www.redfin.com/CA/Bonny-Doon/420-Conifer-Ln-95060/home/2379533,MLSListings,ML81852219,N,Y,37.0866385,-122.1425153
MLS Listing,,Single Family Residential,3119 Castle Canyon Way,SAN JOSE,CA,95135,2588888,5,3.0,SAN JOSE,3147,15721,1996,1,823,,Active,July-17-2021 01:00 PM,July-17-2021 04:00 PM,http://www.redfin.com/CA/San-Jose/3119-Castle-Canyon-Way-95135/home/962184,MLSListings,ML81853322,N,Y,37.2712999,-121.7381137
MLS Listing,,Single Family Residential,1426 Ousley Dr,GILROY,CA,95020,1400000,5,3.0,GILROY,2576,24889,1988,1,543,,Active,,,http://www.redfin.com/CA/Gilroy/1426-Ousley-Dr-95020/home/1680517,MLSListings,ML81853382,N,Y,37.019287,-121.6021684
MLS Listing,,Single Family Residential,920 Cullen Ct,CAMPBELL,CA,95008,2200000,3,2.5,CAMPBELL,2556,6616,1998,1,861,,Active,July-17-2021 02:00 PM,July-17-2021 04:00 PM,http://www.redfin.com/CA/Campbell/920-Cullen-Ct-95008/home/802227,MLSListings,ML81851802,N,Y,37.2739187,-121.9691954
MLS Listing,,Single Family Residential,15595 La Jolla Dr,MORGAN HILL,CA,95037,1499000,5,3.0,MORGAN HILL,3212,7326,1995,1,467,,Active,,,http://www.redfin.com/CA/Morgan-Hill/15595-La-Jolla-Dr-95037/home/1111259,MLSListings,ML81852776,N,Y,37.1070158,-121.6422584
MLS Listing,,Single Family Residential,15630 Los Gatos Almaden Rd,LOS GATOS,CA,95032,2889000,4,3.0,LOS GATOS,2504,8519,2021,1,1154,,Active,July-17-2021 01:00 PM,July-17-2021 04:00 PM,http://www.redfin.com/CA/Los-Gatos/15630-LG-Almaden-Rd-95032/home/842400,MLSListings,ML81851408,N,Y,37.2430924,-121.9427559
MLS Listing,,Single Family Residential,1408 Yorkshire Loop,Tracy,CA,95376,820000,5,3.0,Ironwood,2508,12297,1993,1,,,Active,,,http://www.redfin.com/CA/Tracy/1408-Yorkshire-Loop-95376/home/19756720,MetroList,221079028,N,Y,37.718191,-121.4410424
MLS Listing,,Single Family Residential,36944 Nichols Ave,Fremont,CA,94536,1750000,5,3.0,Niles,2414,6615,1997,1,725,,Active,July-17-2021 12:00 PM,July-17-2021 03:00 PM,http://www.redfin.com/CA/Fremont/36944-Nichols-Ave-94536/home/1266074,"bridgeMLS Bay East AOR or Contra Costa AOR",40958505,N,Y,37.5799853,-121.9842564
MLS Listing,,Single Family Residential,18640 Vista De Almaden,SAN JOSE,CA,95120,3200000,4,3.5,SAN JOSE,4618,133766,1988,1,693,,Active,July-17-2021 11:00 AM,July-17-2021 01:00 PM,http://www.redfin.com/CA/San-Jose/18640-Vista-De-Almaden-95120/home/1233800,MLSListings,ML81832669,N,Y,37.2269147,-121.847143
MLS Listing,,Single Family Residential,20545 Beggs Rd,LOS GATOS,CA,95033,3300000,5,4.5,LOS GATOS,7561,101738,2007,1,436,,Active,,,http://www.redfin.com/CA/Los-Gatos/20545-Beggs-Rd-95033/home/2121630,MLSListings,ML81853256,N,Y,37.2030956,-122.0330016
MLS Listing,,Single Family Residential,665 Ellerbrook St,Mountain House,CA,95391,1299999,4,3.0,Mountain House,3182,8045,2004,1,,,Active,,,http://www.redfin.com/CA/Mountain-House/665-Ellerbrook-St-95391/home/19723564,MetroList,221040667,N,Y,37.7700227,-121.5373125
MLS Listing,,Single Family Residential,1540 Finley Rd,Danville,CA,94588,1999000,4,3.0,Danville,2693,59111,2021,2,742,,Active,,,http://www.redfin.com/CA/Pleasanton/1540-Finley-Rd-94588/home/95952770,"bridgeMLS Bay East AOR or Contra Costa AOR",40958406,N,Y,37.8022401,-121.8606633
MLS Listing,,Single Family Residential,5741 Chambertin Dr,SAN JOSE,CA,95118,2350000,5,3.0,SAN JOSE,2565,14300,1994,2,916,,Active,,,http://www.redfin.com/CA/San-Jose/5741-Chambertin-Dr-95118/home/1552508,MLSListings,ML81853131,N,Y,37.2359862,-121.8927701
MLS Listing,,Single Family Residential,696 Bryant Ave,MOUNTAIN VIEW,CA,94040,3498000,5,4.0,MOUNTAIN VIEW,3277,9075,1992,2,1067,,Active,July-17-2021 01:30 PM,July-17-2021 04:30 PM,http://www.redfin.com/CA/Mountain-View/696-Bryant-Ave-94040/home/1670473,MLSListings,ML81853123,N,Y,37.3615158,-122.0725147
MLS Listing,,Single Family Residential,180 Little Bear Ln,BOULDER CREEK,CA,95006,975000,3,2.0,BOULDER CREEK,1901,57499,2001,2,513,,Active,July-17-2021 12:00 PM,July-17-2021 03:00 PM,http://www.redfin.com/CA/Boulder-Creek/180-Little-Bear-Ln-95006/home/2428959,MLSListings,ML81853113,N,Y,37.1293043,-122.1174046
MLS Listing,,Single Family Residential,3215 Clifford Cir,Pleasanton,CA,94588,1600000,4,3.5,Parkside,2437,8480,1985,2,657,,Active,July-16-2021 05:00 PM,July-16-2021 07:00 PM,http://www.redfin.com/CA/Pleasanton/3215-Clifford-Cir-94588/home/1693272,"bridgeMLS Bay East AOR or Contra Costa AOR",40958352,N,Y,37.6815116,-121.8960602
MLS Listing,,Single Family Residential,65 Glen Haven Rdg,SOQUEL,CA,95073,1199000,3,2.5,SOQUEL,2480,37984,1981,2,483,,Active,July-18-2021 01:00 PM,July-18-2021 04:00 PM,http://www.redfin.com/CA/Soquel/65-Glen-Haven-Rdg-95073/home/2416065,MLSListings,ML81853082,N,Y,37.0325498,-121.9358228
MLS Listing,,Single Family Residential,1216 San Mateo Dr,MENLO PARK,CA,94025,7298000,4,3.5,MENLO PARK,3770,36200,1992,2,1936,,Active,July-18-2021 01:00 PM,July-18-2021 04:00 PM,http://www.redfin.com/CA/Menlo-Park/1216-San-Mateo-Dr-94025/home/1753991,MLSListings,ML81853079,N,Y,37.4465705,-122.1914111
MLS Listing,,Single Family Residential,3735 Arlen Ct,SAN JOSE,CA,95132,2198888,4,2.5,SAN JOSE,2875,19269,1989,2,765,,Active,July-17-2021 01:00 PM,July-17-2021 04:00 PM,http://www.redfin.com/CA/San-Jose/3735-Arlen-Ct-95132/home/1135328,MLSListings,ML81853046,N,Y,37.420949,-121.8551491
MLS Listing,,Single Family Residential,1091 Zamora Ct,MILPITAS,CA,95035,1649000,4,2.5,MILPITAS,2294,11326,1983,2,719,,Active,July-17-2021 01:00 PM,July-17-2021 04:00 PM,http://www.redfin.com/CA/Milpitas/1091-Zamora-Ct-95035/home/808210,MLSListings,ML81850662,N,Y,37.4530563,-121.8912584
MLS Listing,,Single Family Residential,8701 Augusta Ct,Dublin,CA,94568,1375000,5,4.0,Westside,2572,34304,1981,3,535,,Active,July-17-2021 01:00 PM,July-17-2021 04:00 PM,http://www.redfin.com/CA/Dublin/8701-Augusta-Ct-94568/home/1176304,"bridgeMLS Bay East AOR or Contra Costa AOR",40958243,N,Y,37.7202489,-121.9424003
MLS Listing,,Single Family Residential,934 Far Creek Way,REDWOOD CITY,CA,94062,4595000,5,4.5,REDWOOD CITY,4860,23824,2015,3,945,,Active,July-17-2021 01:00 PM,July-17-2021 04:00 PM,http://www.redfin.com/CA/Emerald-Hills/934-Far-Creek-Way-94062/home/81044426,MLSListings,ML81853022,N,Y,37.4568135,-122.2603251
MLS Listing,,Single Family Residential,13925 Sheila Ave,MORGAN HILL,CA,95037,1999000,4,2.5,MORGAN HILL,3423,138208,2019,3,584,,Active,,,http://www.redfin.com/CA/Morgan-Hill/13925-Sheila-Ave-95037/home/18644471,MLSListings,ML81851356,N,Y,37.0733855,-121.6747167
MLS Listing,,Single Family Residential,2 Andorra Ct,Pacifica,CA,94044,2590000,5,4.5,Pacifica,4570,15246,1999,4,567,,Active,,,http://www.redfin.com/CA/Pacifica/2-Andorra-Ct-94044/home/1930561,San Francisco MLS,421572611,N,Y,37.5982224,-122.4832983
MLS Listing,,Single Family Residential,6619 Marymonte Ct,SAN JOSE,CA,95120,1888000,5,3.0,SAN JOSE,2450,7068,1980,4,771,,Active,July-17-2021 01:00 PM,July-17-2021 04:00 PM,http://www.redfin.com/CA/San-Jose/6619-Marymonte-Ct-95120/home/1406080,MLSListings,ML81852952,N,Y,37.217358,-121.8817653
MLS Listing,,Single Family Residential,315 Pennsylvania Ave,LOS GATOS,CA,95030,4375000,4,4.5,LOS GATOS,3725,7800,2003,4,1174,,Active,,,http://www.redfin.com/CA/Los-Gatos/315-Pennsylvania-Ave-95030/home/908626,MLSListings,ML81852941,N,Y,37.2254992,-121.9897649
MLS Listing,,Single Family Residential,14576 Stetson Rd,LOS GATOS,CA,95033,1949000,4,3.0,LOS GATOS,2490,113648,1990,5,783,,Active,July-17-2021 01:00 PM,July-17-2021 04:00 PM,http://www.redfin.com/CA/Los-Gatos/14576-Stetson-Rd-95033/home/2406847,MLSListings,ML81846522,N,Y,37.1029017,-121.9240444
MLS Listing,,Single Family Residential,18850 Blythswood Dr,LOS GATOS,CA,95030,5500000,5,5.5,LOS GATOS,4411,52272,1981,5,1247,,Active,,,http://www.redfin.com/CA/Los-Gatos/18850-Blythswood-Dr-95030/home/1442163,MLSListings,ML81852888,N,Y,37.2380238,-122.0011365
MLS Listing,,Single Family Residential,20 Toro Ct,PORTOLA VALLEY,CA,94028,8500000,4,5.0,PORTOLA VALLEY,3875,43824,2010,5,2194,,Active,,,http://www.redfin.com/CA/Portola-Valley/20-Toro-Ct-94028/home/902196,MLSListings,ML81852878,N,Y,37.3828593,-122.2052221
MLS Listing,,Single Family Residential,20131 Rancho Bella Vis,SARATOGA,CA,95070,4200000,4,4.0,SARATOGA,3778,22651,1984,5,1112,,Active,,,http://www.redfin.com/CA/Saratoga/20131-Rancho-Bella-Vis-95070/home/1154182,MLSListings,ML81852875,N,Y,37.2515314,-122.0230767
MLS Listing,,Single Family Residential,20439 Cunningham Pl,SARATOGA,CA,95070,3650000,4,2.5,SARATOGA,2740,15489,1982,5,1332,,Active,,,http://www.redfin.com/CA/Saratoga/20439-Cunningham-Pl-95070/home/808177,MLSListings,ML81852849,N,Y,37.2767096,-122.0317582
MLS Listing,,Single Family Residential,14560 Deer Park Ct,LOS GATOS,CA,95032,3498000,4,3.5,LOS GATOS,4483,137954,1992,5,780,,Active,,,http://www.redfin.com/CA/Los-Gatos/14560-Deer-Park-Ct-95032/home/628891,MLSListings,ML81852792,N,Y,37.2155905,-121.9251334
MLS Listing,,Single Family Residential,20995 Panorama Dr,LOS GATOS,CA,95033,2000000,5,4.5,LOS GATOS,5452,115967,2000,5,367,,Active,,,http://www.redfin.com/CA/Los-Gatos/20995-Panorama-Dr-95033/home/1204719,MLSListings,ML81852789,N,Y,37.1616842,-121.9685067
MLS Listing,,Single Family Residential,1165 Prevost St,San Jose,CA,95125,2475000,4,3.0,Willow Glen,2843,6600,2019,5,871,,Active,July-17-2021 01:00 PM,July-17-2021 04:00 PM,http://www.redfin.com/CA/San-Jose/1165-Prevost-St-95125/home/1366628,"bridgeMLS Bay East AOR or Contra Costa AOR",40954879,N,Y,37.3126029,-121.8897244
MLS Listing,,Single Family Residential,3720 Rue Mirassou,San Jose,CA,95148,2498800,5,4.0,San Jose,3518,8790,2001,5,,,Active,,,http://www.redfin.com/CA/San-Jose/3720-Rue-Mirassou-95148/home/1498130,MetroList,221082224,N,Y,37.3213474,-121.7709672
MLS Listing,,Single Family Residential,32401 Pacific Grove Ct,Union City,CA,94587,1690000,5,3.0,Seabreeze,2509,6912,1999,5,674,,Active,,,http://www.redfin.com/CA/Union-City/32401-Pacific-Grove-Ct-94587/home/1134389,"bridgeMLS Bay East AOR or Contra Costa AOR",40958061,N,Y,37.5828776,-122.0813699
MLS Listing,,Single Family Residential,415 Chargin Dr,MORGAN HILL,CA,95037,1199999,4,3.0,MORGAN HILL,2224,7000,1990,5,540,,Active,July-18-2021 01:00 PM,July-18-2021 04:00 PM,http://www.redfin.com/CA/Morgan-Hill/415-Chargin-Dr-95037/home/1409713,MLSListings,ML81851691,N,Y,37.1210576,-121.6568513
MLS Listing,,Single Family Residential,6573 Rolling Oaks Dr,SAN JOSE,CA,95120,1889000,4,2.5,SAN JOSE,2309,7441,1985,5,818,,Active,,,http://www.redfin.com/CA/San-Jose/6573-Rolling-Oaks-Dr-95120/home/1585161,MLSListings,ML81847293,N,Y,37.2137662,-121.8782969
MLS Listing,,Single Family Residential,446 W Santa Inez Ct,Mountain House,CA,95391,1165000,4,3.0,Mountain House,3121,8083,2014,5,373,,Active,,,http://www.redfin.com/CA/Mountain-House/446-W-Santa-Inez-Ct-95391/home/22465110,"bridgeMLS Bay East AOR or Contra Costa AOR",40958030,N,Y,37.7876033,-121.5499789
MLS Listing,,Single Family Residential,1395 Highland Blvd,HAYWARD,CA,94542,1049000,4,3.0,HAYWARD,1773,7527,2018,5,592,,Active,,,http://www.redfin.com/CA/Hayward/1395-Highland-Blvd-94542/home/57179619,MLSListings,ML81852759,N,Y,37.6660295,-122.067077
MLS Listing,,Single Family Residential,1022 Gray Fox Cir,Pleasanton,CA,94566,2699000,5,3.5,Foxborough,4452,35504,1989,5,606,,Active,,,http://www.redfin.com/CA/Pleasanton/1022-Gray-Fox-Cir-94566/home/1935009,"bridgeMLS Bay East AOR or Contra Costa AOR",40957885,N,Y,37.6578452,-121.840115
MLS Listing,,Single Family Residential,18236 Commercial St,Lathrop,CA,95330,830000,4,3.0,Lathrop,2590,6678,2014,5,,,Active,,,http://www.redfin.com/CA/Lathrop/18236-Commercial-St-95330/home/56998479,MetroList,221081238,N,Y,37.7945959,-121.3181733
MLS Listing,,Single Family Residential,17335 Ringel Dr,MORGAN HILL,CA,95037,1680000,4,3.0,MORGAN HILL,3199,12196,1988,5,525,,Active,,,http://www.redfin.com/CA/Morgan-Hill/17335-Ringel-Dr-95037/home/978755,MLSListings,ML81852736,N,Y,37.1414149,-121.6251233
MLS Listing,,Single Family Residential,2189 Webster St,PALO ALTO,CA,94301,9800000,6,7.0,PALO ALTO,5347,8556,2020,5,1833,,Active,,,http://www.redfin.com/CA/Palo-Alto/2189-Webster-St-94301/home/590235,MLSListings,ML81852709,N,Y,37.4364031,-122.136725
MLS Listing,,Single Family Residential,75 Tourmaline Ave,Livermore,CA,94550,1688000,5,3.0,Sandhurst,2837,11646,1999,5,595,,Active,,,http://www.redfin.com/CA/Livermore/75-Tourmaline-Ave-94550/home/988417,"bridgeMLS Bay East AOR or Contra Costa AOR",40956609,N,Y,37.6612394,-121.8039223
MLS Listing,,Single Family Residential,4191 Observatory Ave,Oakland,CA,94619,1389600,4,3.0,Leona Heights,2318,10931,2008,6,599,,Active,July-17-2021 01:00 PM,July-17-2021 04:00 PM,http://www.redfin.com/CA/Oakland/4191-Observatory-Ave-94619/home/17187305,"bridgeMLS, Bay East AOR, or Contra Costa AOR",40957942,N,Y,37.7891389,-122.1791948
MLS Listing,,Single Family Residential,1580 Oyama Dr,SAN JOSE,CA,95131,1699999,4,2.5,SAN JOSE,2175,6668,1991,6,782,,Active,,,http://www.redfin.com/CA/San-Jose/1580-Oyama-Dr-95131/home/1058902,MLSListings,ML81852636,N,Y,37.3834171,-121.8916808
MLS Listing,,Single Family Residential,83 Mosswood Ct,Livermore,CA,94551,1199000,4,3.0,Murietta Meadows,2496,8068,1994,6,480,,Active,,,http://www.redfin.com/CA/Livermore/83-Mosswood-Ct-94551/home/897714,"bridgeMLS Bay East AOR or Contra Costa AOR",40957839,N,Y,37.6790704,-121.798271
MLS Listing,,Single Family Residential,1596 Justine Ct,Livermore,CA,94550,1548000,4,3.0,Coventry,2515,15990,1998,6,616,,Active,,,http://www.redfin.com/CA/Livermore/1596-Justine-Ct-94550/home/2022742,"bridgeMLS Bay East AOR or Contra Costa AOR",40957832,N,Y,37.685017,-121.7202139
MLS Listing,,Single Family Residential,1397 Fairbrook Ct,Livermore,CA,94551,1189000,4,3.0,Ca Promenade,1817,8416,1995,6,654,,Active,,,http://www.redfin.com/CA/Livermore/1397-Fairbrook-Ct-94551/home/1250094,"bridgeMLS Bay East AOR or Contra Costa AOR",40957831,N,Y,37.7204835,-121.7124875
MLS Listing,,Single Family Residential,1846 Redwood Dr,APTOS,CA,95003,999000,3,3.0,APTOS,3074,73094,1989,6,325,,Active,,,http://www.redfin.com/CA/Aptos/1846-Redwood-Dr-95003/home/2299413,MLSListings,ML81851080,N,Y,37.0034693,-121.9004839
MLS Listing,,Single Family Residential,20340 Hunters Knls,Castro Valley,CA,94552,2150000,5,4.5,Castro Valley,4908,21114,1991,6,438,,Active,July-17-2021 01:00 PM,July-17-2021 03:00 PM,http://www.redfin.com/CA/Castro-Valley/20340-Hunters-Knls-94552/home/1229191,"bridgeMLS, Bay East AOR, or Contra Costa AOR",40957824,N,Y,37.7095711,-122.0353994
MLS Listing,,Single Family Residential,10 Brewin Ct,SAN RAMON,CA,94583,2300000,4,3.0,SAN RAMON,2915,12400,1997,6,789,,Active,,,http://www.redfin.com/CA/San-Ramon/10-Brewin-Ct-94583/home/1225250,MLSListings,ML81852565,N,Y,37.7254114,-121.9456668
MLS Listing,,Single Family Residential,6606 Whitbourne Dr,SAN JOSE,CA,95120,1799000,5,2.5,SAN JOSE,2177,7089,1984,6,826,,Active,,,http://www.redfin.com/CA/San-Jose/6606-Whitbourne-Dr-95120/home/775363,MLSListings,ML81852559,N,Y,37.2149607,-121.8803424
MLS Listing,,Single Family Residential,782 Dixon Way,LOS ALTOS,CA,94022,7498000,5,5.5,LOS ALTOS,6548,17459,2011,6,1145,,Active,July-14-2021 05:30 PM,July-14-2021 07:00 PM,http://www.redfin.com/CA/Los-Altos/782-Dixon-Way-94022/home/18357277,MLSListings,ML81852540,N,Y,37.3965663,-122.1274319
MLS Listing,,Single Family Residential,11901 Bloomington Way,Dublin,CA,94568-1071,1398000,4,3.0,Dublin,2010,12284,1982,6,696,,Active,,,http://www.redfin.com/CA/Dublin/11901-Bloomington-Way-94568/home/1561105,"bridgeMLS Bay East AOR or Contra Costa AOR",40956587,N,Y,37.7214213,-121.9440891
MLS Listing,,Single Family Residential,17515 Cardinal Ct,Castro Valley,CA,94546,1425000,4,3.5,Proctor,3081,14934,2006,6,463,,Active,,,http://www.redfin.com/CA/Castro-Valley/17515-Cardinal-Ct-94546/home/12114620,"bridgeMLS Bay East AOR or Contra Costa AOR",40957740,N,Y,37.7193078,-122.0826349
MLS Listing,,Single Family Residential,1687 Clove Pl,GILROY,CA,95020,1399000,4,3.0,GILROY,3018,9061,2016,6,464,,Active,,,http://www.redfin.com/CA/Gilroy/1687-Clove-Pl-95020/home/112869884,MLSListings,ML81852487,N,Y,37.0088936,-121.603103
MLS Listing,,Single Family Residential,1425 Pine Flat Rd,SANTA CRUZ,CA,95060,1100000,3,2.5,SANTA CRUZ,2051,46261,1989,6,536,,Active,July-15-2021 09:30 AM,July-15-2021 12:00 PM,http://www.redfin.com/CA/Santa-Cruz/1425-Pine-Flat-Rd-95060/home/2381244,MLSListings,ML81852155,N,Y,37.0615778,-122.1495683
MLS Listing,,Single Family Residential,1995 Vincent Dr,SAN MARTIN,CA,95046,1699950,4,3.0,SAN MARTIN,3350,83942,1990,7,507,,Active,,,http://www.redfin.com/CA/San-Martin/1995-Vincent-Dr-95046/home/799124,MLSListings,ML81852441,N,Y,37.0887474,-121.5722755
MLS Listing,,Single Family Residential,3615 Caldeira Dr,Livermore,CA,94550,4988000,6,5.0,Livermore,4981,187468,2008,7,1001,,Active,July-15-2021 11:00 AM,July-15-2021 01:00 PM,http://www.redfin.com/CA/Livermore/3615-Caldeira-Dr-94550/home/17187426,"bridgeMLS Bay East AOR or Contra Costa AOR",40957644,N,Y,37.6642946,-121.7510326
MLS Listing,,Single Family Residential,3273 Delta Rd,SAN JOSE,CA,95135,2348000,5,3.0,SAN JOSE,3458,7919,1989,7,679,,Active,,,http://www.redfin.com/CA/San-Jose/3273-Delta-Rd-95135/home/1557442,MLSListings,ML81852314,N,Y,37.3079927,-121.7655368
MLS Listing,,Single Family Residential,1479 Miramonte Ave,LOS ALTOS,CA,94024,2595000,3,2.0,LOS ALTOS,1836,12016,1984,7,1413,,Active,,,http://www.redfin.com/CA/Los-Altos/1479-Miramonte-Ave-94024/home/1763382,MLSListings,ML81852311,N,Y,37.3555976,-122.0866294
MLS Listing,,Single Family Residential,2090 Sunnyview Ln,MOUNTAIN VIEW,CA,94040,3098000,4,2.5,MOUNTAIN VIEW,2259,8200,1998,7,1371,,Active,,,http://www.redfin.com/CA/Mountain-View/2090-Sunnyview-Ln-94040/home/648959,MLSListings,ML81852299,N,Y,37.3726166,-122.0740239
MLS Listing,,Single Family Residential,280 Covey Ln,Tracy,CA,95376,899950,4,3.5,Tracy,3311,7540,1999,7,,,Active,,,http://www.redfin.com/CA/Tracy/280-Covey-Ln-95376/home/19759067,MetroList,221079997,N,Y,37.7254263,-121.4301498
MLS Listing,,Single Family Residential,14510 Bear Creek Rd,BOULDER CREEK,CA,95006,1399000,3,2.0,BOULDER CREEK,2224,110076,1990,7,629,,Active,July-17-2021 01:00 PM,July-17-2021 04:00 PM,http://www.redfin.com/CA/Boulder-Creek/14510-Bear-Creek-Rd-95006/home/2397077,MLSListings,ML81852288,N,Y,37.1314531,-122.1061783
MLS Listing,,Single Family Residential,1866 Lourdes Ct,Tracy,CA,95304,874900,3,2.5,Rosewood Estates,2609,7802,2005,7,,,Active,,,http://www.redfin.com/CA/Tracy/1866-Lourdes-Ct-95304/home/19714089,MetroList,221079606,N,Y,37.7170132,-121.4027128
MLS Listing,,Single Family Residential,1196 Brandybuck Way,SAN JOSE,CA,95121,1188000,4,3.0,SAN JOSE,1799,8194,1980,7,660,,Active,,,http://www.redfin.com/CA/San-Jose/1196-Brandybuck-Way-95121/home/1570028,MLSListings,ML81852274,N,Y,37.2988541,-121.8192283
MLS Listing,,Single Family Residential,19040 Pacheco Pass Hwy,HOLLISTER,CA,95023,1975000,3,3.5,HOLLISTER,3390,2794300,2003,7,583,,Active,,,http://www.redfin.com/CA/Hollister/19040-Pacheco-Pass-Hwy-95023/home/175610782,MLSListings,ML81851186,N,Y,37.0526606,-121.2533361
MLS Listing,,Single Family Residential,3373 Americus Dr,SAN JOSE,CA,95148,1450000,4,2.0,SAN JOSE,1958,17643,1983,7,741,,Active,,,http://www.redfin.com/CA/San-Jose/3373-Americus-Dr-95148/home/1407958,MLSListings,ML81852270,N,Y,37.3296797,-121.7795352
MLS Listing,,Single Family Residential,602 Austen Way,Livermore,CA,94551,1498000,5,3.0,Estate Collect.,2523,9113,1996,7,594,,Active,,,http://www.redfin.com/CA/Livermore/602-Austen-Way-94551/home/534579,"bridgeMLS Bay East AOR or Contra Costa AOR",40953193,N,Y,37.6961943,-121.7496224
MLS Listing,,Single Family Residential,5849 Arthur Dr,Pleasanton,CA,94588,1749000,3,3.5,Parkside,2566,10876,1984,7,682,,Active,,,http://www.redfin.com/CA/Pleasanton/5849-Arthur-Dr-94588/home/1197442,"bridgeMLS Bay East AOR or Contra Costa AOR",40955822,N,Y,37.6808779,-121.8989723
MLS Listing,,Single Family Residential,2795 Churchill Dr,HILLSBOROUGH,CA,94010,3980000,4,3.0,HILLSBOROUGH,3250,27260,1980,7,1225,,Active,,,http://www.redfin.com/CA/Hillsborough/2795-Churchill-Dr-94010/home/1057590,MLSListings,ML81852250,N,Y,37.5694369,-122.3835841
MLS Listing,,Single Family Residential,12 Cardinal Ct,MENLO PARK,CA,94025,4888888,5,4.5,MENLO PARK,2819,6574,2021,7,1734,,Active,,,http://www.redfin.com/CA/West-Menlo-Park/12-Cardinal-CT-94025/home/175608272,MLSListings,ML81852225,N,Y,37.4484914,-122.1802812
MLS Listing,,Single Family Residential,11801 Francemont Dr,LOS ALTOS HILLS,CA,94022,6488000,5,7.0,LOS ALTOS HILLS,5326,47916,1996,7,1218,,Active,,,http://www.redfin.com/CA/Los-Altos-Hills/11801-Francemont-Dr-94022/home/779954,MLSListings,ML81852213,N,Y,37.3527702,-122.1418277
MLS Listing,,Single Family Residential,636 Ridgecrest Cir,Livermore,CA,94551,1050000,3,2.5,Livermore,1966,7707,2000,7,534,,Active,,,http://www.redfin.com/CA/Livermore/636-Ridgecrest-Cir-94551/home/891697,San Francisco MLS,421569939,N,Y,37.6902796,-121.756122
MLS Listing,,Single Family Residential,639 Arastradero Rd,PALO ALTO,CA,94306,4850000,6,5.0,PALO ALTO,3572,9896,2021,7,1358,,Active,July-17-2021 01:30 PM,July-17-2021 04:30 PM,http://www.redfin.com/CA/Palo-Alto/639-Arastradero-Rd-94306/home/168869865,MLSListings,ML81849806,N,Y,37.4054908,-122.1261896
MLS Listing,,Single Family Residential,2095 Spyglass Dr,SAN BRUNO,CA,94066,1849000,4,2.5,SAN BRUNO,2810,16600,1980,8,658,,Active,July-17-2021 01:00 PM,July-17-2021 04:00 PM,http://www.redfin.com/CA/San-Bruno/2095-Spyglass-Dr-94066/home/2028984,MLSListings,ML81852182,N,Y,37.6379822,-122.4689707
MLS Listing,,Single Family Residential,1324 Pegan Cmn,Livermore,CA,94550,1668000,5,3.0,Livermore,3221,14094,1998,8,518,,Active,,,http://www.redfin.com/CA/Livermore/1324-Pegan-Cmn-94550/home/795263,"bridgeMLS Bay East AOR or Contra Costa AOR",40957473,N,Y,37.6791954,-121.7377353
MLS Listing,,Single Family Residential,13208 Campus Dr,Oakland,CA,94619,2495000,4,5.5,Ridgemont,5153,33012,1990,8,484,,Active,,,http://www.redfin.com/CA/Oakland/13208-Campus-Dr-94619/home/1775853,"bridgeMLS Bay East AOR or Contra Costa AOR",40955448,N,Y,37.7871173,-122.1637395
MLS Listing,,Single Family Residential,17300 Chesbro Lake Dr,MORGAN HILL,CA,95037,2500000,5,3.0,MORGAN HILL,4390,877746,1991,8,569,,Active,July-17-2021 12:30 PM,July-17-2021 03:30 PM,http://www.redfin.com/CA/Morgan-Hill/17300-Chesbro-Lake-Dr-95037/home/1059560,MLSListings,ML81852138,N,Y,37.1138496,-121.6959442
MLS Listing,,Single Family Residential,8686 Fenwick Way,Dublin,CA,94568,1490000,4,3.0,Foothill Estates,2221,9364,1986,8,671,,Active,,,http://www.redfin.com/CA/Dublin/8686-Fenwick-Way-94568/home/1888616,"bridgeMLS Bay East AOR or Contra Costa AOR",40956688,N,Y,37.7212175,-121.9466222
MLS Listing,,Single Family Residential,556 Farley St,MOUNTAIN VIEW,CA,94043,3880000,4,4.5,MOUNTAIN VIEW,3219,8841,2021,8,1205,,Active,,,http://www.redfin.com/CA/Mountain-View/556-Farley-St-94043/home/1709993,MLSListings,ML81852091,N,Y,37.4044632,-122.0894479
MLS Listing,,Single Family Residential,7619 Maywood Dr,Pleasanton,CA,94588,1698000,4,3.0,Stoneridge Area,2673,7255,1989,8,635,,Active,,,http://www.redfin.com/CA/Pleasanton/7619-Maywood-Dr-94588/home/1179846,"bridgeMLS Bay East AOR or Contra Costa AOR",40957414,N,Y,37.68639,-121.9228887
MLS Listing,,Single Family Residential,2687 Sycamore Grove Pl,SAN JOSE,CA,95121,2358000,5,3.0,SAN JOSE,3100,10219,1998,8,761,,Active,,,http://www.redfin.com/CA/San-Jose/2687-Sycamore-Grove-Pl-95121/home/738699,MLSListings,ML81852056,N,Y,37.3037333,-121.7905723
MLS Listing,,Single Family Residential,16061 Shannon Rd,LOS GATOS,CA,95032,4900000,5,3.5,LOS GATOS,4143,63104,1996,8,1183,,Active,,,http://www.redfin.com/CA/Los-Gatos/16061-Shannon-Rd-95032/home/1078756,MLSListings,ML81852040,N,Y,37.2305858,-121.9496806
MLS Listing,,Single Family Residential,4485 Old Dublin Rd,Castro Valley,CA,94552,1390000,5,2.5,Castro Valley,2480,56073,2003,8,560,,Active,,,http://www.redfin.com/CA/Castro-Valley/4485-Old-Dublin-Rd-94552/home/2033299,"bridgeMLS Bay East AOR or Contra Costa AOR",40957025,N,Y,37.6969457,-122.0453232
MLS Listing,,Single Family Residential,1101 GREENBRIER RD. Rd,SAN CARLOS,CA,94070,2999950,5,3.5,SAN CARLOS,2973,10060,1985,8,1009,,Active,,,http://www.redfin.com/CA/San-Carlos/1101-Greenbrier-Rd-94070/home/1886376,MLSListings,ML81852019,N,Y,37.4832064,-122.2819812
MLS Listing,,Single Family Residential,97 Dearwell Way,San Jose,CA,95138,1297000,4,2.5,San Jose,2077,7527,1981,8,,,Active,,,http://www.redfin.com/CA/San-Jose/97-Dearwell-Way-95138/home/931489,MetroList,221072385,N,Y,37.2484618,-121.7868341
MLS Listing,,Single Family Residential,418 Esther Ave,CAMPBELL,CA,95008,2698000,5,4.5,CAMPBELL,3250,8250,2019,8,830,,Active,July-17-2021 01:00 PM,July-17-2021 04:30 PM,http://www.redfin.com/CA/Campbell/418-Esther-Ave-95008/home/95955337,MLSListings,ML81851989,N,Y,37.2931846,-121.9478662
MLS Listing,,Single Family Residential,4632 Crow Canyon Pl,Castro Valley,CA,94552,2649000,7,6.0,Castro Valley,5150,16327,2004,9,514,,Active,July-17-2021 01:00 PM,July-17-2021 04:00 PM,http://www.redfin.com/CA/Castro-Valley/4632-Crow-Canyon-Pl-94552/home/1600592,"bridgeMLS, Bay East AOR, or Contra Costa AOR",40956227,N,Y,37.6979784,-122.0559121
MLS Listing,,Single Family Residential,15400 PEACH HILL Rd,SARATOGA,CA,95070,9899999,5,8.0,SARATOGA,8000,76665,2009,9,1237,,Active,,,http://www.redfin.com/CA/Saratoga/15400-Peach-Hill-Rd-95070/home/910131,MLSListings,ML81851950,N,Y,37.244431,-122.0241203
MLS Listing,,Single Family Residential,19540 Summer Pl,Castro Valley,CA,94546,1249000,3,2.5,Castro Valley,2041,7784,1999,10,612,,Active,,,http://www.redfin.com/CA/Castro-Valley/19540-Summer-Pl-94546/home/1362780,"bridgeMLS Bay East AOR or Contra Costa AOR",40957240,N,Y,37.7022686,-122.0770645
MLS Listing,,Single Family Residential,45 Crystal Springs Ter,HILLSBOROUGH,CA,94010,5450000,6,5.5,HILLSBOROUGH,5830,37200,1989,11,935,,Active,,,http://www.redfin.com/CA/Hillsborough/45-Crystal-Springs-Ter-94010/home/2054088,MLSListings,ML81845967,N,Y,37.5487752,-122.3495871
MLS Listing,,Single Family Residential,4693 Morning Brook Ln,Tracy,CA,95377,749900,4,2.5,Tracy,2537,7028,2002,12,,,Active,,,http://www.redfin.com/CA/Tracy/4693-Morning-Brook-Ln-95377/home/19734042,MetroList,221078155,N,Y,37.697468,-121.4365337
MLS Listing,,Single Family Residential,1575 Monterey Ct,Tracy,CA,95376,795000,4,2.5,Tracy,1840,9039,1996,12,,,Active,,,http://www.redfin.com/CA/Tracy/1575-Monterey-Ct-95376/home/19757066,MetroList,221076645,N,Y,37.7187151,-121.4363551
MLS Listing,,Single Family Residential,9751 Estates Dr,GILROY,CA,95020,1799950,3,4.5,GILROY,4670,190159,1987,12,385,,Active,,,http://www.redfin.com/CA/Gilroy/9751-Estates-Dr-95020/home/1028600,MLSListings,ML81851722,N,Y,37.055345,-121.544188
MLS Listing,,Single Family Residential,575 Beresford Ave,REDWOOD CITY,CA,94061,3798000,4,4.5,REDWOOD CITY,3027,6850,2021,12,1255,,Active,July-17-2021 02:00 PM,July-17-2021 04:00 PM,http://www.redfin.com/CA/Redwood-City/575-Beresford-Ave-94061/home/175592491,MLSListings,ML81851710,N,Y,37.451163,-122.2200057
MLS Listing,,Single Family Residential,616 Los Ninos Way,LOS ALTOS,CA,94022,5498000,5,4.5,LOS ALTOS,4437,10200,2009,12,1239,,Active,,,http://www.redfin.com/CA/Los-Altos/616-Los-Ninos-Way-94022/home/1684222,MLSListings,ML81851708,N,Y,37.3925643,-122.1074652
MLS Listing,,Single Family Residential,4876 W Durham Ferry Rd,Tracy,CA,95304,1169888,3,2.0,Tracy,2527,65340,1989,12,,,Active,,,http://www.redfin.com/CA/Tracy/4876-Durham-Ferry-Rd-95304/home/19752700,MetroList,221077919,N,Y,37.666696,-121.3658446
MLS Listing,,Single Family Residential,5644 Crow Ln,SAN JOSE,CA,95123,1600000,5,3.0,SAN JOSE,2509,11004,1991,13,638,,Active,,,http://www.redfin.com/CA/San-Jose/5644-Crow-Ln-95123/home/876829,MLSListings,ML81851625,N,Y,37.2482145,-121.8329405
MLS Listing,,Single Family Residential,940 Rebecca Dr,BOULDER CREEK,CA,95006,999000,2,2.5,BOULDER CREEK,2016,43691,1989,13,496,,Active,,,http://www.redfin.com/CA/Boulder-Creek/940-Rebecca-Dr-95006/home/2398430,MLSListings,ML81851619,N,Y,37.1180862,-122.1025839
MLS Listing,,Single Family Residential,20276 La Paloma Ave,SARATOGA,CA,95070,5000000,4,4.5,SARATOGA,3320,7281,2021,13,1506,,Active,,,http://www.redfin.com/CA/Saratoga/20276-La-Paloma-Ave-95070/home/810082,MLSListings,ML81851588,N,Y,37.2591874,-122.0282946
MLS Listing,,Single Family Residential,271 Molina Dr,SANTA CRUZ,CA,95060,1495000,3,3.0,SANTA CRUZ,2100,98968,1989,13,712,,Active,,,http://www.redfin.com/CA/Bonny-Doon/271-Molina-Dr-95060/home/2381165,MLSListings,ML81851276,N,Y,37.088726,-122.1403999
MLS Listing,,Single Family Residential,32741 Fairmead St,UNION CITY,CA,94587,1388000,4,2.0,UNION CITY,1848,7200,1985,13,751,,Active,,,http://www.redfin.com/CA/Union-City/32741-Fairmead-St-94587/home/1713258,MLSListings,ML81851572,N,Y,37.5778398,-122.0671214
MLS Listing,,Single Family Residential,2054 Fieldview Dr,Tracy,CA,95377,734900,5,3.0,Tracy,2500,6761,1997,13,,,Active,,,http://www.redfin.com/CA/Tracy/2054-Fieldview-Dr-95377/home/19757964,MetroList,221077238,N,Y,37.7444347,-121.4546121
MLS Listing,,Single Family Residential,4988 CANDY Ct,Livermore,CA,94550,1149000,4,2.0,Autumn Valley,1820,13679,1994,14,631,,Active,July-16-2021 07:00 PM,July-16-2021 10:00 PM,http://www.redfin.com/CA/Livermore/4988-Candy-Ct-94550/home/2046726,"bridgeMLS, Bay East AOR, or Contra Costa AOR",40956650,N,Y,37.6941774,-121.7335945
MLS Listing,,Single Family Residential,3681 W Linne Rd,Tracy,CA,95304,1750000,4,3.0,Tracy,4487,435600,1991,14,390,,Active,,,http://www.redfin.com/CA/Tracy/3681-W-Linne-Rd-95304/home/19757594,"bridgeMLS Bay East AOR or Contra Costa AOR",40956727,N,Y,37.697859,-121.351028
MLS Listing,,Single Family Residential,2427 Detert St,Livermore,CA,94550,1988888,5,4.5,Ladera Estates,4030,11000,2007,14,494,,Active,,,http://www.redfin.com/CA/Livermore/2427-Detert-St-94550/home/17186839,"bridgeMLS Bay East AOR or Contra Costa AOR",40956720,N,Y,37.6754339,-121.7172525
MLS Listing,,Single Family Residential,1720 Jasper Highlands Dr,MORGAN HILL,CA,95037,3888888,7,8.5,MORGAN HILL,6694,114127,1998,14,581,,Active,,,http://www.redfin.com/CA/Morgan-Hill/1720-Jasper-Highlands-Dr-95037/home/778044,MLSListings,ML81851397,N,Y,37.130119,-121.6880582
MLS Listing,,Single Family Residential,3305 Hudson Ct,Pleasanton,CA,94588,1599000,4,2.0,Fairlands,2023,7527,1987,15,790,,Active,,,http://www.redfin.com/CA/Pleasanton/3305-Hudson-Ct-94588/home/1588769,"bridgeMLS Bay East AOR or Contra Costa AOR",40956612,N,Y,37.6976703,-121.8608198
MLS Listing,,Single Family Residential,10650 Magdalena Rd,LOS ALTOS HILLS,CA,94024,6480000,5,5.5,LOS ALTOS HILLS,6729,46599,2005,15,963,,Active,,,http://www.redfin.com/CA/Los-Altos-Hills/10650-Magdalena-Rd-94024/home/634303,MLSListings,ML81851262,N,Y,37.3441015,-122.1181145
MLS Listing,,Single Family Residential,13612 Vaquero Ct,SARATOGA,CA,95070,5980000,4,5.5,SARATOGA,4815,52353,2001,15,1242,,Active,,,http://www.redfin.com/CA/Saratoga/13612-Vaquero-Ct-95070/home/1369264,MLSListings,ML81851248,N,Y,37.2711971,-122.0497853
MLS Listing,,Single Family Residential,516 University Ave,LOS ALTOS,CA,94022,4690000,4,3.5,LOS ALTOS,3037,10030,1983,15,1544,,Active,,,http://www.redfin.com/CA/Los-Altos/516-University-Ave-94022/home/1487864,MLSListings,ML81850397,N,Y,37.3735345,-122.118292
MLS Listing,,Single Family Residential,474 Monroe Dr,PALO ALTO,CA,94306,3298000,3,2.5,PALO ALTO,2334,11396,1988,15,1413,,Active,July-17-2021 02:00 PM,July-17-2021 04:00 PM,http://www.redfin.com/CA/Palo-Alto/474-Monroe-Dr-94306/home/2120765,MLSListings,ML81851009,N,Y,37.4067792,-122.1190907
MLS Listing,,Single Family Residential,10583 Santa Lucia Rd,CUPERTINO,CA,95014,5500000,6,5.0,CUPERTINO,4906,15600,2021,15,1121,,Active,,,http://www.redfin.com/CA/Cupertino/10583-Santa-Lucia-Rd-95014/home/1549274,MLSListings,ML81851211,N,Y,37.3148825,-122.0718711
MLS Listing,,Single Family Residential,43534 Gallegos Ave,Fremont,CA,94539,3398000,5,5.0,Mission San Jose,4207,16991,2002,16,808,,Active,,,http://www.redfin.com/CA/Fremont/43534-Gallegos-Ave-94539/home/1666124,"bridgeMLS Bay East AOR or Contra Costa AOR",40956228,N,Y,37.5281147,-121.9282448
MLS Listing,,Single Family Residential,7467 Heatherwood Dr,CUPERTINO,CA,95014,4700000,6,4.5,CUPERTINO,3779,9452,2021,17,1244,,Active,,,http://www.redfin.com/CA/Cupertino/7467-Heatherwood-Dr-95014/home/1860488,MLSListings,ML81851045,N,Y,37.3094944,-122.0356658
MLS Listing,,Single Family Residential,4100 Foothill Rd,Pleasanton,CA,94588,3450000,5,3.5,Foothill Road,4480,219107,1980,18,770,,Active,,,http://www.redfin.com/CA/Pleasanton/4100-Foothill-Rd-94588/home/1514325,"bridgeMLS Bay East AOR or Contra Costa AOR",40956370,N,Y,37.6680633,-121.9211676
MLS Listing,,Single Family Residential,960 S San Tomas Aquino Rd,CAMPBELL,CA,95008,1720000,5,3.0,CAMPBELL,2154,8837,1982,18,799,,Active,,,http://www.redfin.com/CA/Campbell/960-S-San-Tomas-Aquino-Rd-95008/home/1141868,MLSListings,ML81851023,N,Y,37.272877,-121.9712836
MLS Listing,,Single Family Residential,11801 Bloomington Way,Dublin,CA,94568,1380500,5,2.5,Westside,2389,8005,1985,19,578,,Active,,,http://www.redfin.com/CA/Dublin/11801-Bloomington-Way-94568/home/1174658,"bridgeMLS Bay East AOR or Contra Costa AOR",40956288,N,Y,37.7209145,-121.9456445
MLS Listing,,Single Family Residential,371 W Aldrich Pl,Mountain House,CA,95391,1070000,4,3.5,Mountain House,2887,7045,2016,19,371,,Active,July-17-2021 12:00 PM,July-17-2021 04:00 PM,http://www.redfin.com/CA/Tracy/371-Aldrich-Pl-95391/home/56999385,"bridgeMLS, Bay East AOR, or Contra Costa AOR",40956176,N,Y,37.7641906,-121.5525878
MLS Listing,,Single Family Residential,3450 Tripp Rd,WOODSIDE,CA,94062,15000000,4,6.0,WOODSIDE,5902,46174,2021,19,2542,,Active,,,http://www.redfin.com/CA/Woodside/3450-Tripp-Rd-94062/home/891685,MLSListings,ML81850839,N,Y,37.4259523,-122.2753357
MLS Listing,,Single Family Residential,15845 Walter Breton Dr Dr,Morgan Hill,CA,95037,2850000,3,3.0,699 - Not Defined,2766,225205,1990,19,1030,,Active,,,http://www.redfin.com/CA/Morgan-Hill/15845-Walter-Breton-Dr-95037/home/1256595,CRMLS,NDP2107368,N,Y,37.094935,-121.6740707
MLS Listing,,Single Family Residential,21045 Comer Dr,SARATOGA,CA,95070,8498888,4,7.5,SARATOGA,8193,118570,1990,19,1037,,Active,,,http://www.redfin.com/CA/Saratoga/21045-Comer-Dr-95070/home/653345,MLSListings,ML81850754,N,Y,37.279996,-122.0417934
MLS Listing,,Single Family Residential,1250 Culet Ranch None,Danville,CA,94506,4888000,7,7.0,Danville,9238,76099,1985,19,529,,Active,,,http://www.redfin.com/CA/Danville/1250-Culet-Ranch-Rd-94506/home/17170220,San Francisco MLS,421567666,N,Y,37.793631,-121.904528
MLS Listing,,Single Family Residential,24301 Elise Ct,LOS ALTOS HILLS,CA,94024,22919000,6,7.0,LOS ALTOS HILLS,9435,131412,2009,20,2429,,Active,,,http://www.redfin.com/CA/Los-Altos-Hills/24301-Elise-Ct-94024/home/1042042,MLSListings,ML81850693,N,Y,37.3499246,-122.1179863
MLS Listing,,Single Family Residential,117 N Sierra Madre St,Mountain House,CA,95391,999000,4,3.5,Mountain House,3123,6582,2009,20,,,Active,July-17-2021 01:00 PM,July-17-2021 04:00 PM,http://www.redfin.com/CA/Mountain-House/117-N-Sierra-Madre-St-95391/home/22559941,MetroList,221074491,N,Y,37.7802427,-121.5540818
MLS Listing,,Single Family Residential,15981 Lancaster Rd,LOS GATOS,CA,95030,4995000,5,4.5,LOS GATOS,5870,30602,2003,20,851,,Active,,,http://www.redfin.com/CA/Los-Gatos/15981-Lancaster-Rd-95030/home/1807819,MLSListings,ML81850672,N,Y,37.2355258,-122.0053116
MLS Listing,,Single Family Residential,1250 Culet Ranch Rd,Danville,CA,94506,4888000,7,7.0,Hidden Hills,9238,76099,1985,20,529,,Active,,,http://www.redfin.com/CA/Danville/1250-Culet-Ranch-Rd-94506/home/1213310,"bridgeMLS Bay East AOR or Contra Costa AOR",40955953,N,Y,37.7931142,-121.9047741
MLS Listing,,Single Family Residential,424 Saint Jorge Ave,Mountain House,CA,95391,1125000,4,3.0,Mountain House,2795,6664,2018,20,403,,Active,,,http://www.redfin.com/CA/Mountain-House/424-St-Jorge-Ave-95391/home/167437617,"bridgeMLS Bay East AOR or Contra Costa AOR",40955926,N,Y,37.757999,-121.5374945
MLS Listing,,Single Family Residential,2030 Trumar Ln,GILROY,CA,95020,2500000,5,4.5,GILROY,4475,212499,2021,20,559,,Active,,,http://www.redfin.com/CA/Gilroy/2030-Trumar-Ln-95020/home/23469831,MLSListings,ML81850551,N,Y,37.0717969,-121.561229
MLS Listing,,Single Family Residential,10650 Lomita Ave,FELTON,CA,95018,900000,2,2.5,FELTON,1888,61027,1993,21,477,,Active,,,http://www.redfin.com/CA/Felton/10650-Lomita-Ave-95018/home/2370711,MLSListings,ML81850491,N,Y,37.1036337,-122.0530041
MLS Listing,,Single Family Residential,15299 Top Of The Hill Rd,LOS GATOS,CA,95032,8900000,4,5.5,LOS GATOS,6000,696960,2000,21,1483,,Active,,,http://www.redfin.com/CA/Los-Gatos/15299-Top-of-the-Hill-Rd-95032/home/175538525,MLSListings,ML81847908,N,Y,37.2225725,-121.9371597
MLS Listing,,Single Family Residential,1546 Country Club Dr,LOS ALTOS,CA,94024,4795000,5,4.0,LOS ALTOS,3500,10723,2021,21,1370,,Active,,,http://www.redfin.com/CA/Los-Altos/1546-Country-Club-Dr-94024/home/161042286,MLSListings,ML81838794,N,Y,37.352037,-122.091719
MLS Listing,,Single Family Residential,80 Woodridge Rd,HILLSBOROUGH,CA,94010,4250000,4,3.5,HILLSBOROUGH,3737,49963,1985,21,1137,,Active,,,http://www.redfin.com/CA/Hillsborough/80-Woodridge-Rd-94010/home/1941616,MLSListings,ML81850375,N,Y,37.5454589,-122.3477276
MLS Listing,,Single Family Residential,14100 Berry Hill Ln,LOS ALTOS HILLS,CA,94022,4788000,4,4.0,LOS ALTOS HILLS,3917,46609,1992,21,1222,,Active,,,http://www.redfin.com/CA/Los-Altos-Hills/14100-Berry-Hill-Ln-94022/home/1392614,MLSListings,ML81850346,N,Y,37.3872665,-122.163052
MLS Listing,,Single Family Residential,437 S Airport Way,Manteca,CA,95337,799000,3,2.0,Manteca,1757,51836,1984,22,,,Active,,,http://www.redfin.com/CA/Manteca/437-S-Airport-Way-95337/home/19757715,MetroList,221072952,N,Y,37.7941576,-121.2523609
MLS Listing,,Single Family Residential,14778 Bear Creek Rd,Outside Area (Inside Ca),CA,95006,799000,3,2.0,Outside Area (Inside Ca),3922,33105,1981,22,204,,Active,,,http://www.redfin.com/CA/Boulder-Creek/14778-Bear-Creek-Rd-95006/home/2396686,CRMLS,530142,N,Y,37.133135,-122.101949
MLS Listing,,Single Family Residential,827 Yakima Dr,Fremont,CA,94539,3988888,6,6.5,Fremont,5210,13398,2021,22,766,,Active,July-17-2021 01:00 PM,July-17-2021 04:00 PM,http://www.redfin.com/CA/Fremont/827-Yakima-Dr-94539/home/21725820,"bridgeMLS Bay East AOR or Contra Costa AOR",40955457,N,Y,37.492874,-121.917932
MLS Listing,,Single Family Residential,15335 Stetson Rd,LOS GATOS,CA,95033,1995000,5,3.0,LOS GATOS,3326,169884,1985,23,600,,Active,July-17-2021 01:00 PM,July-17-2021 04:00 PM,http://www.redfin.com/CA/Los-Gatos/15335-Stetson-Rd-95033/home/175530704,MLSListings,ML81850124,N,Y,37.1009851,-121.9366923
MLS Listing,,Single Family Residential,837 Chiltern Rd,Hillsborough,CA,94010,6000000,5,5.5,Hillsborough,6223,23822,2008,23,,,Active,,,http://www.redfin.com/CA/Hillsborough/837-Chiltern-Rd-94010/home/1068324,MetroList,421566035,N,Y,37.5555506,-122.3455138
MLS Listing,,Single Family Residential,5 Cirrus Ct,REDWOOD CITY,CA,94062,4488000,5,4.5,REDWOOD CITY,4020,12023,1989,23,1116,,Active,,,http://www.redfin.com/CA/Redwood-City/5-Cirrus-Ct-94062/home/1717939,MLSListings,ML81850019,N,Y,37.460817,-122.255442
MLS Listing,,Single Family Residential,303 Atherton Ave,ATHERTON,CA,94027,19988000,7,8.5,ATHERTON,11660,49658,1985,23,1714,,Active,,,http://www.redfin.com/CA/Atherton/303-Atherton-Ave-94027/home/1762236,MLSListings,ML81849987,N,Y,37.4390794,-122.2170365
MLS Listing,,Single Family Residential,531 Grace Dr,MENLO PARK,CA,94025,6895000,5,4.5,MENLO PARK,4190,10476,2002,23,1646,,Active,,,http://www.redfin.com/CA/Menlo-Park/531-Grace-Dr-94025/home/1809606,MLSListings,ML81849986,N,Y,37.4343947,-122.1909899
MLS Listing,,Single Family Residential,165 Patricia Dr,ATHERTON,CA,94027,10500000,5,7.5,ATHERTON,6453,45571,1982,23,1627,,Active,,,http://www.redfin.com/CA/Atherton/165-Patricia-Dr-94027/home/1809105,MLSListings,ML81849980,N,Y,37.4593021,-122.2157952
MLS Listing,,Single Family Residential,1915 Dry Creek Rd,CAMPBELL,CA,95008,3888000,5,4.5,CAMPBELL,3877,12177,2007,23,1003,,Active,,,http://www.redfin.com/CA/Campbell/1915-Dry-Creek-Rd-95008/home/1075853,MLSListings,ML81848889,N,Y,37.2811886,-121.9292448
MLS Listing,,Single Family Residential,23441 Skyview Ter,LOS GATOS,CA,95033,1950000,4,3.0,LOS GATOS,3441,19079,1986,26,567,,Active,July-17-2021 10:30 AM,July-17-2021 01:30 PM,http://www.redfin.com/CA/Los-Gatos/23441-Skyview-Ter-95033/home/2404587,MLSListings,ML81849753,N,Y,37.127038,-121.955266
MLS Listing,,Single Family Residential,3300 Ralston Ave,HILLSBOROUGH,CA,94010,16800000,5,5.5,HILLSBOROUGH,10180,87120,2000,26,1650,,Active,,,http://www.redfin.com/CA/Hillsborough/3300-Ralston-Ave-94010/home/1724454,MLSListings,ML81849668,N,Y,37.5580987,-122.3681806
MLS Listing,,Single Family Residential,15999 Bohlman Rd,SARATOGA,CA,95070,2988000,4,3.5,SARATOGA,5462,1903835,1982,26,547,,Active,July-17-2021 01:00 PM,July-17-2021 04:00 PM,http://www.redfin.com/CA/Saratoga/15999-Bohlman-Rd-95070/home/909163,MLSListings,ML81846371,N,Y,37.236293,-122.0465882
MLS Listing,,Single Family Residential,514 Laurel Ave,MENLO PARK,CA,94025,3600000,4,3.0,MENLO PARK,2432,7000,2015,26,1480,,Active,,,http://www.redfin.com/CA/Menlo-Park/514-Laurel-Ave-94025/home/1516927,MLSListings,ML81849579,N,Y,37.4609876,-122.1543588
MLS Listing,,Single Family Residential,23580 Mountain Charlie Rd,LOS GATOS,CA,95033,2795000,5,5.5,LOS GATOS,5000,322649,1987,27,559,,Active,,,http://www.redfin.com/CA/Los-Gatos/23580-Mountain-Charlie-Rd-95033/home/2401921,MLSListings,ML81849507,N,Y,37.1286393,-121.9880627
MLS Listing,,Single Family Residential,953 Finovino Ct,Pleasanton,CA,94566,2095000,4,3.0,Vintage Heights,3866,10736,1990,27,542,,Active,July-17-2021 11:00 AM,July-17-2021 02:00 PM,http://www.redfin.com/CA/Pleasanton/953-Finovino-Ct-94566/home/1522266,"bridgeMLS Bay East AOR or Contra Costa AOR",40954838,N,Y,37.6595039,-121.8458086
MLS Listing,,Single Family Residential,1046 Zamora Dr,Pacifica,CA,94044,1895000,4,2.5,Pacifica,2581,7476,1991,27,734,,Active,July-18-2021 02:00 PM,July-18-2021 04:00 PM,http://www.redfin.com/CA/Pacifica/1046-Zamora-Dr-94044/home/2024090,San Francisco MLS,421564558,N,Y,37.5936498,-122.485067
MLS Listing,,Single Family Residential,490 Orange Ave,Los Altos,CA,94022,4900000,5,4.0,North Los Altos,3582,6650,2006,27,1368,,Active,,,http://www.redfin.com/CA/Los-Altos/490-Orange-Ave-94022/home/12178886,"bridgeMLS Bay East AOR or Contra Costa AOR",40954714,N,Y,37.3740657,-122.1174046
MLS Listing,,Single Family Residential,277 Nicole Ave,Mountain House,CA,95391,1099000,4,3.5,Mountain House,3160,7976,2004,28,348,,Active,,,http://www.redfin.com/CA/Mountain-House/277-Nicole-Ave-95391/home/19726341,"bridgeMLS Bay East AOR or Contra Costa AOR",40954525,N,Y,37.7702094,-121.5409699
MLS Listing,,Single Family Residential,156 Romero Rd,WOODSIDE,CA,94062,12800000,6,4.5,WOODSIDE,5462,42380,2019,28,2343,,Active,,,http://www.redfin.com/CA/Woodside/156-Romero-Rd-94062/home/895756,MLSListings,ML81849147,N,Y,37.4331263,-122.2537569
MLS Listing,,Single Family Residential,3965 El Cerrito Rd,PALO ALTO,CA,94306,6800000,7,6.5,PALO ALTO,5687,10761,2011,28,1196,,Active,,,http://www.redfin.com/CA/Palo-Alto/3965-El-Cerrito-Rd-94306/home/605375,MLSListings,ML81849104,N,Y,37.4070668,-122.1354618
MLS Listing,,Single Family Residential,26171 Moody Rd,LOS ALTOS HILLS,CA,94022,6879000,4,4.5,LOS ALTOS HILLS,5686,52272,2003,29,1210,,Active,July-17-2021 01:30 PM,July-17-2021 04:30 PM,http://www.redfin.com/CA/Los-Altos-Hills/26171-Moody-Rd-94022/home/1164779,MLSListings,ML81848076,N,Y,37.3532433,-122.1454652
MLS Listing,,Single Family Residential,124 Plymouth Ave,SAN CARLOS,CA,94070,3850000,4,3.0,SAN CARLOS,3294,6664,2021,29,1169,,Active,,,http://www.redfin.com/CA/San-Carlos/124-Plymouth-Ave-94070/home/1792563,MLSListings,ML81848933,N,Y,37.5007136,-122.2792787
MLS Listing,,Single Family Residential,932 Eleanor Way,SUNNYVALE,CA,94087,2998000,4,4.0,SUNNYVALE,2800,7501,2021,29,1071,,Active,,,http://www.redfin.com/CA/Sunnyvale/932-Eleanor-Way-94087/home/1331339,MLSListings,ML81848891,N,Y,37.3502306,-122.0126623
MLS Listing,,Single Family Residential,450 Moseley Rd,HILLSBOROUGH,CA,94010,14800000,8,9.5,HILLSBOROUGH,14000,87120,2001,30,1057,,Active,,,http://www.redfin.com/CA/Hillsborough/450-Moseley-Rd-94010/home/1034636,MLSListings,ML81848794,N,Y,37.5547433,-122.3669411
MLS Listing,,Single Family Residential,3316 Page St,REDWOOD CITY,CA,94063,2298888,6,4.0,REDWOOD CITY,2180,6950,2021,30,1055,,Active,July-18-2021 01:00 PM,July-18-2021 04:00 PM,http://www.redfin.com/CA/Redwood-City/3316-Page-St-94063/home/823334,MLSListings,ML81848630,N,Y,37.4820972,-122.1944483
MLS Listing,,Single Family Residential,30 Marialinda Ct,HILLSBOROUGH,CA,94010,11800000,5,6.5,HILLSBOROUGH,6160,23958,2021,30,1916,,Active,,,http://www.redfin.com/CA/Hillsborough/30-Marialinda-Ct-94010/home/161147404,MLSListings,ML81848766,N,Y,37.574185,-122.373625
MLS Listing,,Single Family Residential,24 Shratton Ave,SAN CARLOS,CA,94070,5500000,7,4.5,SAN CARLOS,4039,67692,2001,30,1362,,Active,July-18-2021 01:00 PM,July-18-2021 03:00 PM,http://www.redfin.com/CA/San-Carlos/24-Shratton-Ave-94070/home/1881571,MLSListings,ML81848762,N,Y,37.5003733,-122.2873195
MLS Listing,,Single Family Residential,19351 Redberry Dr,LOS GATOS,CA,95030,5200000,8,9.0,LOS GATOS,8254,60548,2019,31,630,,Active,,,http://www.redfin.com/CA/Los-Gatos/19351-Redberry-Dr-95030/home/907942,MLSListings,ML81846010,N,Y,37.2405031,-122.011885
MLS Listing,,Single Family Residential,430 Linden Way,Pleasanton,CA,94566,1800000,4,2.5,Remen Tract,2195,11250,2001,32,820,,Active,,,http://www.redfin.com/CA/Pleasanton/430-Linden-Way-94566/home/1017404,"bridgeMLS Bay East AOR or Contra Costa AOR",40952746,N,Y,37.6638556,-121.8584181
MLS Listing,,Single Family Residential,2117 Shiangzone Ct,SAN JOSE,CA,95121,2348888,4,3.0,SAN JOSE,3487,15201,1998,33,674,,Active,,,http://www.redfin.com/CA/San-Jose/2117-Shiangzone-Ct-95121/home/1702007,MLSListings,ML81846971,N,Y,37.3026319,-121.7992945
MLS Listing,,Single Family Residential,10740 Gascoigne Dr,CUPERTINO,CA,95014,3550000,4,4.5,CUPERTINO,2750,7175,2021,33,1291,,Active,,,http://www.redfin.com/CA/Cupertino/10740-Gascoigne-Dr-95014/home/1025857,MLSListings,ML81844855,N,Y,37.3114297,-122.0006479
MLS Listing,,Single Family Residential,14965 Page Mill Rd,LOS ALTOS HILLS,CA,94022,5800000,4,4.0,LOS ALTOS HILLS,4800,130105,1983,33,1208,,Active,,,http://www.redfin.com/CA/Los-Altos-Hills/14965-Page-Mill-Rd-94022/home/673307,MLSListings,ML81840418,N,Y,37.3834293,-122.1665557
MLS Listing,,Single Family Residential,2888 Canyon Rd,Burlingame,CA,94010,3595000,4,3.5,Burlingame,3320,19995,1992,34,1083,,Active,,,http://www.redfin.com/CA/Burlingame/2888-Canyon-Rd-94010/home/1941182,San Francisco MLS,421560746,N,Y,37.5776243,-122.38562
MLS Listing,,Single Family Residential,3718 Laurel Way,REDWOOD CITY,CA,94062,3488000,4,3.5,REDWOOD CITY,3205,8320,2014,34,1088,,Active,,,http://www.redfin.com/CA/Redwood-City/3718-Laurel-Way-94062/home/57332452,MLSListings,ML81848393,N,Y,37.4666475,-122.2556624
MLS Listing,,Single Family Residential,16610 Von Sosten Rd,Tracy,CA,95304,999950,4,2.5,Tracy,2840,66647,1982,34,,,Active,July-17-2021 12:00 PM,July-17-2021 04:00 PM,http://www.redfin.com/CA/Tracy/16610-Von-Sosten-Rd-95304/home/22496629,MetroList,221059874,N,Y,37.7505506,-121.5148307
MLS Listing,,Single Family Residential,9440 Mountain Blvd,Oakland,CA,94605,899000,4,2.5,Sequoyah,2654,6521,1992,34,339,,Active,,,http://www.redfin.com/CA/Oakland/9440-Mountain-Blvd-94605/home/1870110,"bridgeMLS Bay East AOR or Contra Costa AOR",40951749,N,Y,37.7584883,-122.1472174
MLS Listing,,Single Family Residential,2015 El Prado St,REDWOOD CITY,CA,94061,3695000,5,3.5,REDWOOD CITY,3084,6862,2021,34,1198,,Active,,,http://www.redfin.com/CA/Redwood-City/2015-El-Prado-Ave-94061/home/1851145,MLSListings,ML81848301,N,Y,37.4471992,-122.2272095
MLS Listing,,Single Family Residential,3168 Ramona St,PALO ALTO,CA,94306,4298000,5,4.0,PALO ALTO,2625,6740,2021,34,1637,,Active,,,http://www.redfin.com/CA/Palo-Alto/3168-Ramona-St-94306/home/1208860,MLSListings,ML81847344,N,Y,37.4234581,-122.1291178
MLS Listing,,Single Family Residential,450 Kings Rd,BRISBANE,CA,94005,1998000,4,4.5,BRISBANE,3251,13920,1983,34,615,,Active,,,http://www.redfin.com/CA/Brisbane/450-Kings-Rd-94005/home/1912571,MLSListings,ML81846740,N,Y,37.6786356,-122.4019573
MLS Listing,,Single Family Residential,26301 Silent Hills Ln,LOS ALTOS HILLS,CA,94022,15800000,5,6.5,LOS ALTOS HILLS,7709,136735,2013,35,2050,,Active,,,http://www.redfin.com/CA/Los-Altos-Hills/26301-Silent-Hills-Ln-94022/home/41396978,MLSListings,ML81848101,N,Y,37.3581578,-122.1471952
MLS Listing,,Single Family Residential,17840 Bruce Ave,LOS GATOS,CA,95030,6749000,6,6.0,LOS GATOS,6905,10723,2007,35,977,,Active,,,http://www.redfin.com/CA/Monte-Sereno/17840-Bruce-Ave-95030/home/12173145,MLSListings,ML81848083,N,Y,37.238106,-121.9833679
MLS Listing,,Single Family Residential,3168 Whitesand Dr,SAN JOSE,CA,95148,1698888,5,3.0,SAN JOSE,2845,12312,1987,35,597,,Active,,,http://www.redfin.com/CA/San-Jose/3168-Whitesand-Dr-95148/home/1508268,MLSListings,ML81848072,N,Y,37.3174707,-121.7792236
MLS Listing,,Single Family Residential,35655 Palomares Rd,Castro Valley,CA,94552,2500000,4,4.0,Palomares Canyon,3800,277477,1981,35,658,,Active,,,http://www.redfin.com/CA/Castro-Valley/35655-Palomares-Rd-94552/home/836219,"bridgeMLS Bay East AOR or Contra Costa AOR",40953457,N,Y,37.6265952,-121.9449557
MLS Listing,,Single Family Residential,799 S Tradition St,MOUNTAIN HOUSE,CA,95391,1159000,4,3.0,MOUNTAIN HOUSE,3561,7604,2005,36,325,,Active,,,http://www.redfin.com/CA/Mountain-House/799-Traditions-St-95391/home/19726296,MLSListings,ML81847945,N,Y,37.7683792,-121.5428431
MLS Listing,,Single Family Residential,883 Robb Rd,PALO ALTO,CA,94306,19998000,7,9.0,PALO ALTO,9750,38909,2016,37,2051,,Active,,,http://www.redfin.com/CA/Palo-Alto/883-Robb-Rd-94306/home/913497,MLSListings,ML81847742,N,Y,37.3917929,-122.1350182
MLS Listing,,Single Family Residential,2015 Menalto Ave,MENLO PARK,CA,94025,4389000,5,4.0,MENLO PARK,3318,10725,2021,37,1323,,Active,,,http://www.redfin.com/CA/Menlo-Park/2015-Menalto-Ave-94025/home/1050210,MLSListings,ML81847651,N,Y,37.4621206,-122.1522297
MLS Listing,,Single Family Residential,619 Vista Dr,REDWOOD CITY,CA,94062,2348000,3,2.5,REDWOOD CITY,2250,12380,2007,37,1044,,Active,,,http://www.redfin.com/CA/Emerald-Hills/619-Vista-Dr-94062/home/1162115,MLSListings,ML81847223,N,Y,37.4672259,-122.2613787
MLS Listing,,Single Family Residential,19814 W Grant Line Rd,Tracy,CA,95391,1399000,4,2.0,Tracy,2543,112385,2004,37,,,Active,,,http://www.redfin.com/CA/Tracy/19814-W-Grant-Line-Rd-95391/home/21849173,MetroList,221063164,N,Y,37.7544854,-121.5535467
MLS Listing,,Single Family Residential,22129 Rae Ln,CUPERTINO,CA,95014,4288000,5,5.0,CUPERTINO,3988,10655,1985,38,1075,,Active,,,http://www.redfin.com/CA/Cupertino/22129-Rae-Ln-95014/home/1644412,MLSListings,ML81846790,N,Y,37.3121203,-122.0610618
MLS Listing,,Single Family Residential,17808 Tourney Rd,LOS GATOS,CA,95030,6895000,5,5.0,LOS GATOS,4458,141040,2020,39,1547,,Active,,,http://www.redfin.com/CA/Los-Gatos/17808-Tourney-Rd-95030/home/1635648,MLSListings,ML81847499,N,Y,37.2114134,-121.9681735
MLS Listing,,Single Family Residential,2136 Wild Lilac Ave,Manteca,CA,95337,680631,3,2.0,Manteca,2010,7000,2021,39,339,,Active,,,http://www.redfin.com/CA/Manteca/2136-Wild-Lilac-Ave-95337/home/172939793,BAREIS,221063101,N,Y,37.7705835,-121.2643483
MLS Listing,,Single Family Residential,60 Michaels Way,ATHERTON,CA,94027,14300000,6,4.5,ATHERTON,6295,29100,2009,40,2272,,Active,,,http://www.redfin.com/CA/Atherton/60-Michaels-Way-94027/home/2049687,MLSListings,ML81847461,N,Y,37.4518226,-122.1921205
MLS Listing,,Single Family Residential,2333 Golden Gate Dr,Tracy,CA,95377,1199900,5,4.0,Tracy,2888,14688,2018,40,,,Active,,,http://www.redfin.com/CA/Tracy/2333-Golden-Gate-Dr-95377/home/167422982,MetroList,221061696,N,Y,37.733021,-121.45865
MLS Listing,,Single Family Residential,35 Ralston Rd,ATHERTON,CA,94027,16800000,5,8.0,ATHERTON,10647,40000,2014,40,1578,,Active,,,http://www.redfin.com/CA/Atherton/35-Ralston-Rd-94027/home/1342218,MLSListings,ML81847298,N,Y,37.4578499,-122.2126921
MLS Listing,,Single Family Residential,12330 Harding Ave,San Martin,CA,95046,2880000,5,3.5,San Martin,4456,188178,1999,41,646,,Active,,,http://www.redfin.com/CA/San-Martin/12330-Harding-Ave-95046/home/1111280,"bridgeMLS Bay East AOR or Contra Costa AOR",40951123,N,Y,37.071774,-121.6097239
MLS Listing,,Single Family Residential,101 Allan Ln,WATSONVILLE,CA,95076,1749000,4,3.5,WATSONVILLE,3076,214315,2009,41,569,,Active,,,http://www.redfin.com/CA/Watsonville/101-Allan-Ln-95076/home/2421079,MLSListings,ML81841869,N,Y,37.0025876,-121.795423
MLS Listing,,Single Family Residential,25790 Fairview Ave,Hayward,CA,94542,1998000,4,3.0,Fairview,3191,47125,1999,41,626,,Active,,,http://www.redfin.com/CA/Hayward/25790-Fairview-Ave-94542/home/1314860,"bridgeMLS Bay East AOR or Contra Costa AOR",40952584,N,Y,37.6755215,-122.0318471
MLS Listing,,Single Family Residential,25755 Carado Ct,LOS ALTOS HILLS,CA,94022,11998000,5,7.5,LOS ALTOS HILLS,6809,50499,2016,42,1762,,Active,,,http://www.redfin.com/CA/Los-Altos-Hills/25755-Carado-Ct-94022/home/23473742,MLSListings,ML81846830,N,Y,37.3875313,-122.1273653
MLS Listing,,Single Family Residential,900 N California Ave,PALO ALTO,CA,94303,6995000,5,4.5,PALO ALTO,3339,9379,2020,42,2095,,Active,,,http://www.redfin.com/CA/Palo-Alto/900-N-California-Ave-94303/home/1599890,MLSListings,ML81846809,N,Y,37.442709,-122.130932
MLS Listing,,Single Family Residential,67 Rosewood Dr,ATHERTON,CA,94027,12500000,7,8.0,ATHERTON,10345,41638,2010,43,1208,,Active,,,http://www.redfin.com/CA/Atherton/67-Rosewood-Dr-94027/home/851112,MLSListings,ML81846070,N,Y,37.4733498,-122.1772214
MLS Listing,,Single Family Residential,800 El Granada Blvd,EL GRANADA,CA,94018,15000000,9,11.5,EL GRANADA,23860,898861,1984,43,629,,Active,,,http://www.redfin.com/CA/El-Granada/800-El-Granada-Blvd-94018/home/17307994,MLSListings,ML81846738,N,Y,37.5119135,-122.4543369
MLS Listing,,Single Family Residential,101 Sund Ave,LOS GATOS,CA,95030,6495000,5,5.0,LOS GATOS,5399,54038,1989,44,1203,,Active,,,http://www.redfin.com/CA/Los-Gatos/101-Sund-Ave-95030/home/1158876,MLSListings,ML81846604,N,Y,37.2161676,-121.9695064
MLS Listing,,Single Family Residential,120 Hazel Dell Hts,WATSONVILLE,CA,95076,6950000,3,4.5,WATSONVILLE,5052,2613600,2004,44,1376,,Active,,,http://www.redfin.com/CA/WATSONVILLE/120-HAZEL-DELL-HTS-95076/home/161464142,MLSListings,ML81846572,N,Y,37.015682,-121.758533
MLS Listing,,Single Family Residential,1150 Hobart St,MENLO PARK,CA,94025,9298000,6,5.5,MENLO PARK,4919,10209,2021,47,1890,,Active,,,http://www.redfin.com/CA/Menlo-Park/1150-Hobart-St-94025/home/1028107,MLSListings,ML81845713,N,Y,37.442333,-122.1944483
MLS Listing,,Single Family Residential,303 Sanborn Ln,FELTON,CA,95018,1999987,5,4.5,FELTON,4292,45738,2018,48,466,,Active,,,http://www.redfin.com/CA/Felton/303-Sanborn-Ln-95018/home/2362152,MLSListings,ML81846042,N,Y,37.0651491,-122.0863409
MLS Listing,,Single Family Residential,10028 Minaker Ct,CUPERTINO,CA,95014,3787888,5,3.5,CUPERTINO,2630,6714,2021,50,1440,,Active,,,http://www.redfin.com/CA/Cupertino/10028-Minaker-Ct-95014/home/175196959,MLSListings,ML81845786,N,Y,37.3222534,-122.0577152
MLS Listing,,Single Family Residential,1044 Forest Ave,PALO ALTO,CA,94301,5900000,3,3.5,PALO ALTO,3146,9220,1992,50,1875,,Active,,,http://www.redfin.com/CA/Palo-Alto/1044-Forest-Ave-94301/home/619513,MLSListings,ML81844920,N,Y,37.4524388,-122.1496349
MLS Listing,,Single Family Residential,2333 Cottle Ave,SAN JOSE,CA,95125,3125000,4,3.0,SAN JOSE,2968,7250,2021,50,1053,,Active,,,http://www.redfin.com/CA/San-Jose/2333-Cottle-Ave-95125/home/1235802,MLSListings,ML81845516,N,Y,37.2858487,-121.8927923
MLS Listing,,Single Family Residential,60 Melanie Ln,ATHERTON,CA,94027,11295000,5,5.5,ATHERTON,7249,47480,2018,51,1558,,Active,,,http://www.redfin.com/CA/Atherton/60-Melanie-Ln-94027/home/1050906,MLSListings,ML81845520,N,Y,37.4385149,-122.2287387
MLS Listing,,Single Family Residential,1870 Oakdell Dr,MENLO PARK,CA,94025,9585000,6,7.5,MENLO PARK,5990,13041,2021,51,1600,,Active,,,http://www.redfin.com/CA/Menlo-Park/1870-Oakdell-Dr-94025/home/1214014,MLSListings,ML81845495,N,Y,37.4329301,-122.1939606
MLS Listing,,Single Family Residential,59 Barry Ln,ATHERTON,CA,94027,27000000,6,7.5,ATHERTON,12078,45661,2016,52,2235,,Active,,,http://www.redfin.com/CA/Atherton/59-Barry-Ln-94027/home/1163065,MLSListings,ML81845430,N,Y,37.4508784,-122.2052664
MLS Listing,,Single Family Residential,239 Forrester Rd,LOS GATOS,CA,95032,18000000,7,6.5,LOS GATOS,9000,462312,1989,54,2000,,Active,,,http://www.redfin.com/CA/Los-Gatos/239-Forrester-Rd-95032/home/958904,MLSListings,ML81843144,N,Y,37.219533,-121.941767
MLS Listing,,Single Family Residential,800 Magnolia St,MENLO PARK,CA,94025,7998000,5,4.5,MENLO PARK,4500,10010,2009,54,1777,,Active,,,http://www.redfin.com/CA/Menlo-Park/800-Magnolia-St-94025/home/1552782,MLSListings,ML81845243,N,Y,37.4383023,-122.1915663
MLS Listing,,Single Family Residential,23491 Summit Rd,LOS GATOS,CA,95033,2998000,5,4.5,LOS GATOS,5097,144748,1987,55,588,,Active,,,http://www.redfin.com/CA/Los-Gatos/23491-Summit-Rd-95033/home/1818809,MLSListings,ML81845037,N,Y,37.1302197,-121.9531658
MLS Listing,,Single Family Residential,"1564,1562 Tindall Ranch Rd",CORRALITOS,CA,95076,2349900,5,3.5,CORRALITOS,3817,705193,2006,58,616,,Active,,,http://www.redfin.com/CA/Watsonville/1562-Tindall-Ranch-Rd-95076/home/175153346,MLSListings,ML81843527,N,Y,37.0370694,-121.8037727
MLS Listing,,Single Family Residential,120 Arroyo Del Rancho,LOS GATOS,CA,95032,5299000,5,4.5,LOS GATOS,5122,93835,1996,58,1035,,Active,,,http://www.redfin.com/CA/Los-Gatos/120-Arroyo-Del-Rancho-95032/home/1017007,MLSListings,ML81841574,N,Y,37.2201011,-121.9226443
MLS Listing,,Single Family Residential,555 Santa Rosa Dr,LOS GATOS,CA,95032,5300000,4,5.5,LOS GATOS,5304,88675,2001,59,999,,Active,,,http://www.redfin.com/CA/Los-Gatos/555-Santa-Rosa-Dr-95032/home/1387339,MLSListings,ML81844211,N,Y,37.2249046,-121.9121537
MLS Listing,,Single Family Residential,1162 Barroilhet Dr,Hillsborough,CA,94010,5495000,4,5.0,Hillsborough,4430,21789,1992,60,1240,,Active,,,http://www.redfin.com/CA/Hillsborough/1162-Barroilhet-Ave-94010/home/1451863,BAREIS,421546338,N,Y,37.564282,-122.3628685
MLS Listing,,Single Family Residential,8250 Rancho Real,GILROY,CA,95020,2500000,4,3.5,GILROY,4317,37524,1989,60,579,,Active,,,http://www.redfin.com/CA/Gilroy/8250-Rancho-Real-95020/home/1018446,MLSListings,ML81844138,N,Y,37.0147738,-121.6050881
MLS Listing,,Single Family Residential,1064 Sherry,Livermore,CA,94550,1725000,4,2.5,Livermore,2647,9796,1987,61,,,Active,,,http://www.redfin.com/CA/Livermore/1064-Sherry-Way-94550/home/1249236,MetroList,221049692,N,Y,37.6734987,-121.763645
MLS Listing,,Single Family Residential,1850 Bear Tree Rd,San Ramon,CA,94583,3300000,3,3.5,San Ramon,3427,958973,2017,61,963,,Active,,,http://www.redfin.com/CA/SAN-RAMON/1850-BEAR-TREE-RD-94583/unit-1870/home/160964300,"bridgeMLS Bay East AOR or Contra Costa AOR",40946414,N,Y,37.802176,-122.024508
MLS Listing,,Single Family Residential,18305 Constitution Ave,MONTE SERENO,CA,95030,6500000,7,7.5,MONTE SERENO,7011,43397,2018,61,927,,Active,July-17-2021 01:30 PM,July-17-2021 04:30 PM,http://www.redfin.com/CA/Monte-Sereno/18305-Constitution-Ave-95030/home/1466898,MLSListings,ML81839615,N,Y,37.2409273,-121.9920526
MLS Listing,,Single Family Residential,10651 Mendenhall Rd,Livermore,CA,94550,2800000,5,4.5,Livermore,4573,4357307,2009,62,,,Active,,,http://www.redfin.com/CA/Livermore/10651-Mendenhall-Rd-94550/home/17054073,MetroList,221049352,N,Y,37.5894376,-121.6730448
MLS Listing,,Single Family Residential,1360 Garden Ln,MENLO PARK,CA,94025,10750000,5,5.5,MENLO PARK,5590,23500,2001,63,1923,,Active,,,http://www.redfin.com/CA/Menlo-Park/1360-Garden-Ln-94025/home/884483,MLSListings,ML81843516,N,Y,37.4478082,-122.1930073
MLS Listing,,Single Family Residential,295 California St,CAMPBELL,CA,95008,2449950,4,3.5,CAMPBELL,2790,8201,2017,63,878,,Active,,,http://www.redfin.com/CA/Campbell/295-California-St-95008/home/113012609,MLSListings,ML81843471,N,Y,37.2830218,-121.9544235
MLS Listing,,Single Family Residential,412 Covington Rd,LOS ALTOS,CA,94024,12450000,5,6.0,LOS ALTOS,7703,40360,2006,64,1616,,Active,,,http://www.redfin.com/CA/Los-Altos/412-Covington-Rd-94024/home/643327,MLSListings,ML81843205,N,Y,37.3665374,-122.1031164
MLS Listing,,Single Family Residential,56 Patricia Dr,ATHERTON,CA,94027,13850000,5,5.5,ATHERTON,7375,34531,2006,64,1878,,Active,,,http://www.redfin.com/CA/Atherton/56-Patricia-Dr-94027/home/2041230,MLSListings,ML81843181,N,Y,37.4619472,-122.2130689
MLS Listing,,Single Family Residential,5405 Sierra Rd,San Jose,CA,95132,2450000,4,2.0,San Jose,2600,130680,1980,65,942,,Active,,,http://www.redfin.com/CA/San-Jose/5405-Sierra-Rd-95132/home/564614,San Francisco MLS,421547189,N,Y,37.41623,-121.7815415
MLS Listing,,Single Family Residential,1826 Waverley St,PALO ALTO,CA,94301,16680000,4,4.0,PALO ALTO,5540,10000,2007,66,3011,,Active,,,http://www.redfin.com/CA/Palo-Alto/1826-Waverley-St-94301/home/592636,MLSListings,ML81842990,N,Y,37.4363537,-122.1439348
MLS Listing,,Single Family Residential,2165 Louis Holmstrom Dr,MORGAN HILL,CA,95037,2725000,5,5.5,MORGAN HILL,5288,46173,1989,67,515,,Active,,,http://www.redfin.com/CA/Morgan-Hill/2165-Louis-Holstrom-Dr-95037/home/1380417,MLSListings,ML81842968,N,Y,37.1082497,-121.6846729
MLS Listing,,Single Family Residential,34 Casa Way,SCOTTS VALLEY,CA,95066,2250000,5,3.0,SCOTTS VALLEY,5200,19558,1985,68,433,,Active,,,http://www.redfin.com/CA/Scotts-Valley/34-Casa-Way-95066/home/2229357,MLSListings,ML81842893,N,Y,37.0680102,-122.009198
MLS Listing,,Single Family Residential,13215 Peacock Ct,CUPERTINO,CA,95014,4750000,5,5.5,CUPERTINO,7413,148854,1991,68,641,,Active,,,http://www.redfin.com/CA/Cupertino/13215-Peacock-Ct-95014/home/1355558,MLSListings,ML81842829,N,Y,37.2973089,-122.0941743
MLS Listing,,Single Family Residential,4460 Roop Rd,GILROY,CA,95020,2999999,3,2.5,GILROY,3145,3231716,2004,68,954,,Active,,,http://www.redfin.com/CA/Gilroy/4460-Roop-Rd-95020/home/1210475,MLSListings,ML81841320,N,Y,37.0664951,-121.5201971
MLS Listing,,Single Family Residential,20115 Orchard Meadow Dr,Saratoga,CA,95070,6499950,7,7.5,Saratoga,7276,219542,1999,68,893,,Active,,,http://www.redfin.com/CA/Saratoga/20115-Orchard-Meadow-Dr-95070/home/850750,"bridgeMLS Bay East AOR or Contra Costa AOR",40948961,N,Y,37.2726486,-122.0656166
MLS Listing,,Single Family Residential,562 N Montebello St,Mountain House,CA,95391,1010000,4,2.5,Mountain House,2859,7824,2015,69,353,,Active,,,http://www.redfin.com/CA/Mountain-House/562-N-Montebello-St-95391/home/22495245,"bridgeMLS Bay East AOR or Contra Costa AOR",40948715,N,Y,37.7869532,-121.5514729
MLS Listing,,Single Family Residential,21975 Stage Coach Rd,LOS GATOS,CA,95033,2150000,5,4.5,LOS GATOS,4740,38071,1990,69,454,,Active,July-17-2021 11:00 AM,July-17-2021 01:00 PM,http://www.redfin.com/CA/Los-Gatos/21975-Stagecoach-Rd-95033/home/2404873,MLSListings,ML81842482,N,Y,37.1412383,-121.9893651
MLS Listing,,Single Family Residential,3660 Tripp Rd,WOODSIDE,CA,94062,6850000,3,3.0,WOODSIDE,3966,64468,2009,70,1727,,Active,,,http://www.redfin.com/CA/Woodside/3660-Tripp-Rd-94062/home/891879,MLSListings,ML81842363,N,Y,37.4206082,-122.2705728
MLS Listing,,Single Family Residential,29 Stockbridge Ave,ATHERTON,CA,94027,8500000,8,10.5,ATHERTON,8771,43700,2021,70,969,,Active,,,http://www.redfin.com/CA/Atherton/29-Stockbridge-Ave-94027/home/1735817,MLSListings,ML81842297,N,Y,37.4641671,-122.2087244
MLS Listing,,Single Family Residential,2549 Butch Dr,GILROY,CA,95020,2999950,4,5.5,GILROY,6207,491792,2004,71,483,,Active,,,http://www.redfin.com/CA/Gilroy/2549-Butch-Dr-95020/home/1746065,MLSListings,ML81842149,N,Y,37.0715994,-121.5403748
MLS Listing,,Single Family Residential,121 Ash Ln,PORTOLA VALLEY,CA,94028,26950000,7,7.5,PORTOLA VALLEY,8325,161172,2014,72,3237,,Active,,,http://www.redfin.com/CA/Portola-Valley/121-Ash-Ln-94028/home/905017,MLSListings,ML81842024,N,Y,37.3923748,-122.1969091
MLS Listing,,Single Family Residential,119 Baywood Ave,MENLO PARK,CA,94025,3698000,4,3.0,MENLO PARK,2546,6850,2021,72,1452,,Active,,,http://www.redfin.com/CA/Menlo-Park/119-Baywood-Ave-94025/home/1667963,MLSListings,ML81818932,N,Y,37.4545298,-122.1624311
MLS Listing,,Single Family Residential,24000 Mountain Charlie Rd,LOS GATOS,CA,95033,2195000,4,3.0,LOS GATOS,3409,422924,1988,75,644,,Active,,,http://www.redfin.com/CA/Los-Gatos/24000-Mountain-Charlie-Rd-95033/home/2400253,MLSListings,ML81841718,N,Y,37.1227813,-121.9893326
MLS Listing,,Single Family Residential,12 Panorama Ln,SANTA CRUZ,CA,95060,5300000,4,2.5,SANTA CRUZ,4678,24699,2020,76,1133,,Active,,,http://www.redfin.com/CA/Santa-Cruz/12-Panorama-Ln-95060/home/23002048,MLSListings,ML81838422,N,Y,37.0106451,-122.0286776
MLS Listing,,Single Family Residential,15300 Blackberry Hill Rd,LOS GATOS,CA,95030,7500000,5,6.0,LOS GATOS,5944,1300266,2021,78,1262,,Active,,,http://www.redfin.com/CA/Los-Gatos/15300-Blackberry-Hill-Rd-95030/home/23471259,MLSListings,ML81840967,N,Y,37.2031708,-121.9535641
MLS Listing,,Single Family Residential,16255 Matilija Dr,LOS GATOS,CA,95030,9500000,5,5.5,LOS GATOS,6422,59396,2011,78,1479,,Active,,,http://www.redfin.com/CA/Los-Gatos/16255-Matilija-Dr-95030/home/1336083,MLSListings,ML81838340,N,Y,37.2316844,-122.0062666
MLS Listing,,Single Family Residential,2088 Green Oaks Way,PESCADERO,CA,94060,17500000,7,9.0,PESCADERO,17000,2079119,2015,79,1029,,Active,,,http://www.redfin.com/CA/Pescadero/2088-Green-Oaks-Way-94060/home/40241526,MLSListings,ML81840883,N,Y,37.1345262,-122.2982168
MLS Listing,,Single Family Residential,18346 Standish Ave,HAYWARD,CA,94541,1650000,4,3.0,HAYWARD,2864,18252,1988,81,576,,Active,,,http://www.redfin.com/CA/Hayward/18346-Standish-Ave-94541/home/1207189,MLSListings,ML81839684,N,Y,37.6832013,-122.1110373
MLS Listing,,Single Family Residential,22160 Wallace Dr,CUPERTINO,CA,95014,4198000,5,4.5,CUPERTINO,3768,9375,2021,88,1114,,Active,July-18-2021 02:00 PM,July-18-2021 04:00 PM,http://www.redfin.com/CA/Cupertino/22160-Wallace-Dr-95014/home/772505,MLSListings,ML81838415,N,Y,37.3349881,-122.0628598
MLS Listing,,Single Family Residential,10 Atherton Ave,ATHERTON,CA,94027,11600000,5,5.5,ATHERTON,4769,23550,2021,89,2432,,Active,,,http://www.redfin.com/CA/Atherton/10-Atherton-Ave-94027/home/883637,MLSListings,ML81839296,N,Y,37.462293,-122.201324
MLS Listing,,Single Family Residential,19870 Mendelsohn Ln,SARATOGA,CA,95070,5998000,4,4.5,SARATOGA,3770,19171,2006,90,1591,,Active,July-17-2021 02:00 PM,July-17-2021 04:00 PM,http://www.redfin.com/CA/Saratoga/19870-Mendelsohn-Ln-95070/home/907528,MLSListings,ML81839115,N,Y,37.2500398,-122.0204787
MLS Listing,,Single Family Residential,1975 Webster St,PALO ALTO,CA,94301,20000000,6,5.5,PALO ALTO,6129,10499,2021,92,3263,,Active,,,http://www.redfin.com/CA/Palo-Alto/1975-Webster-St-94301/home/591854,MLSListings,ML81838788,N,Y,37.4382717,-122.1395875
MLS Listing,,Single Family Residential,23454 Sunset Dr,LOS GATOS,CA,95033,5900000,4,5.0,LOS GATOS,10000,50138,1999,93,590,,Active,,,http://www.redfin.com/CA/Los-Gatos/23454-Sunset-Dr-95033/home/2404446,MLSListings,ML81837566,N,Y,37.1271573,-121.9543042
MLS Listing,,Single Family Residential,120 Sierra Azule,LOS GATOS,CA,95032,8750000,5,7.5,LOS GATOS,8259,54788,1997,96,1059,,Active,July-18-2021 01:00 PM,July-18-2021 04:00 PM,http://www.redfin.com/CA/Los-Gatos/120-Sierra-Azule-95032/home/645777,MLSListings,ML81838278,N,Y,37.2247192,-121.9225554
MLS Listing,,Single Family Residential,15681 Montebello Rd,Cupertino,CA,95014,3980000,4,5.0,Cupertino,5400,2239645,1980,96,737,,Active,July-17-2021 02:00 PM,July-17-2021 05:00 PM,http://www.redfin.com/CA/Cupertino/15681-Montebello-Rd-95014/home/11893969,CRMLS,OC21073762,N,Y,37.2953339,-122.098758
MLS Listing,,Single Family Residential,2465 TECADO Ter,Fremont,CA,94539,9998000,6,8.0,Mission Area,12075,900820,1993,98,828,,Active,,,http://www.redfin.com/CA/Fremont/2465-Tecado-Ter-94539/home/1077936,"bridgeMLS Bay East AOR or Contra Costa AOR",40944450,N,Y,37.5653571,-121.9220603
MLS Listing,,Single Family Residential,23923 Jabil Ln,LOS ALTOS HILLS,CA,94024,12380000,6,6.0,LOS ALTOS HILLS,8600,60987,2007,100,1440,,Active,,,http://www.redfin.com/CA/Los-Altos-Hills/23923-Jabil-Ln-94024/home/1499907,MLSListings,ML81837576,N,Y,37.3456532,-122.1153017
MLS Listing,,Single Family Residential,18450 Shadowbrook Way,MORGAN HILL,CA,95037,2499000,5,3.0,MORGAN HILL,2350,982278,2016,100,1063,,Active,,,http://www.redfin.com/CA/Morgan-Hill/18450-Shadowbrook-Way-95037/home/604877,MLSListings,ML81837575,N,Y,37.139753,-121.671167
MLS Listing,,Single Family Residential,2289 Forest View Ave,HILLSBOROUGH,CA,94010,10995000,6,7.0,HILLSBOROUGH,9336,64468,1990,100,1178,,Active,,,http://www.redfin.com/CA/Hillsborough/2289-Forest-View-Ave-94010/home/1330882,MLSListings,ML81837543,N,Y,37.5724711,-122.3763031
MLS Listing,,Single Family Residential,1717 Granite Creek Rd,SANTA CRUZ,CA,95065,1495000,3,3.0,SANTA CRUZ,2601,131551,2001,104,575,,Active,July-17-2021 01:00 PM,July-17-2021 04:00 PM,http://www.redfin.com/CA/Santa-Cruz/1717-Granite-Creek-Rd-95065/home/2429131,MLSListings,ML81837016,N,Y,37.0402964,-121.9988711
MLS Listing,,Single Family Residential,23110 Old Santa Cruz Hwy,LOS GATOS,CA,95033,1599000,3,3.0,LOS GATOS,3325,108900,1993,104,481,,Active,,,http://www.redfin.com/CA/Los-Gatos/23110-Old-Santa-Cruz-Hwy-95033/home/2403887,MLSListings,ML81833942,N,Y,37.1380789,-121.9765706
MLS Listing,,Single Family Residential,12101 Love Creek Rd,BEN LOMOND,CA,95005,3750000,3,4.0,BEN LOMOND,5656,8731471,1989,104,663,,Active,,,http://www.redfin.com/CA/Ben-Lomond/12101-Love-Creek-Rd-95005/home/23475288,MLSListings,ML81833197,N,Y,37.123707,-122.085222
MLS Listing,,Single Family Residential,97 Ridge View Dr,ATHERTON,CA,94027,14988000,6,7.5,ATHERTON,9107,94090,1981,107,1646,,Active,,,http://www.redfin.com/CA/Atherton/97-Ridge-View-Dr-94027/home/1072620,MLSListings,ML81836367,N,Y,37.4364957,-122.2297139
MLS Listing,,Single Family Residential,15400 Suview Dr,LOS GATOS,CA,95032,8499000,6,5.0,LOS GATOS,7460,334220,1982,107,1139,,Active,,,http://www.redfin.com/CA/Los-Gatos/15400-Suview-Dr-95032/home/1126482,MLSListings,ML81836364,N,Y,37.2236132,-121.9416395
MLS Listing,,Single Family Residential,1140 Meadows Ct,CAMPBELL,CA,95008,3500000,5,4.5,CAMPBELL,3685,9503,2019,111,950,,Active,,,http://www.redfin.com/CA/Campbell/1140-Meadows-Ct-95008/home/168892979,MLSListings,ML81835909,N,Y,37.270712,-121.976062
MLS Listing,,Single Family Residential,240 Mountain Home Rd,WOODSIDE,CA,94062,24900000,4,6.0,WOODSIDE,7888,138346,2012,112,3157,,Active,,,http://www.redfin.com/CA/Woodside/240-Mountain-Home-Rd-94062/home/2054454,MLSListings,ML81835732,N,Y,37.4259658,-122.2542176
MLS Listing,,Single Family Residential,722 Bicknell Rd,LOS GATOS,CA,95030,9750000,6,7.5,LOS GATOS,9664,41247,2010,112,1009,,Active,,,http://www.redfin.com/CA/Los-Gatos/722-Bicknell-Rd-95030/home/839962,MLSListings,ML81833355,N,Y,37.2511854,-121.9824572
MLS Listing,,Single Family Residential,1351 Peggy Ave,CAMPBELL,CA,95008,3399998,6,4.5,CAMPBELL,4022,8374,2021,113,845,,Active,,,http://www.redfin.com/CA/Campbell/1351-Peggy-Ave-95008/home/1595950,MLSListings,ML81835478,N,Y,37.268183,-121.9696397
MLS Listing,,Single Family Residential,369 Club Dr,SAN CARLOS,CA,94070,3980000,4,5.0,SAN CARLOS,4900,88078,2008,116,812,,Active,,,http://www.redfin.com/CA/San-Carlos/369-Club-Dr-94070/home/104009214,MLSListings,ML81835148,N,Y,37.4983018,-122.2911142
MLS Listing,,Single Family Residential,890 Robb Rd,PALO ALTO,CA,94306,19500000,7,9.5,PALO ALTO,8793,44210,2003,117,2218,,Active,,,http://www.redfin.com/CA/Palo-Alto/890-Robb-Rd-94306/home/1137728,MLSListings,ML81834973,N,Y,37.392397,-122.1359942
MLS Listing,,Single Family Residential,8901 Canada Rd,GILROY,CA,95020,1150000,3,2.0,GILROY,1889,903160,1992,118,609,,Active,,,http://www.redfin.com/CA/Gilroy/8901-Canada-Rd-95020/home/174718541,MLSListings,ML81834774,N,Y,37.0699929,-121.479111
MLS Listing,,Single Family Residential,680 Dove Ln,WATSONVILLE,CA,95076,1749500,4,3.0,WATSONVILLE,3086,385985,1997,120,567,,Active,,,http://www.redfin.com/CA/WATSONVILLE/680-DOVE-LN-95076/home/2419541,MLSListings,ML81834406,N,Y,37.055084,-121.822277
MLS Listing,,Single Family Residential,7400 Collier Canyon Rd,Livermore,CA,94551,4250000,4,3.5,Livermore,3485,3535765,2007,122,1220,,Active,,,http://www.redfin.com/CA/Livermore/7400-Collier-Canyon-Rd-94551/home/171740519,"bridgeMLS Bay East AOR or Contra Costa AOR",40941338,N,Y,37.7581312,-121.819793
MLS Listing,,Single Family Residential,166 Olive Hill Ln,WOODSIDE,CA,94062,16995000,5,5.5,WOODSIDE,9040,130680,2010,124,1880,,Active,,,http://www.redfin.com/CA/Woodside/166-Olive-Hill-Ln-94062/home/1308234,MLSListings,ML81833901,N,Y,37.4384047,-122.2667845
MLS Listing,,Single Family Residential,223 Rapley Ranch Rd,LA HONDA,CA,94020,2295000,4,2.5,LA HONDA,2437,1019304,1980,124,942,,Active,,,http://www.redfin.com/CA/La-Honda/223-Rapley-Ranch-Rd-94020/home/1945857,MLSListings,ML81833750,N,Y,37.3253447,-122.2382994
MLS Listing,,Single Family Residential,755 Cambridge Ave,MENLO PARK,CA,94025,2998000,4,4.5,MENLO PARK,2475,8100,2017,125,1211,,Active,,,http://www.redfin.com/CA/Menlo-Park/755-Cambridge-Ave-94025/home/168639676,MLSListings,ML81833615,N,Y,37.4465286,-122.1753367
MLS Listing,,Single Family Residential,25 Brandon Ct,HILLSBOROUGH,CA,94010,10500000,5,8.0,HILLSBOROUGH,11800,98010,1995,126,890,,Active,,,http://www.redfin.com/CA/Hillsborough/25-Brandon-Ct-94010/home/1987659,MLSListings,ML81833451,N,Y,37.5399826,-122.3324074
MLS Listing,,Single Family Residential,435 Correas St,HALF MOON BAY,CA,94019,1798000,3,3.0,HALF MOON BAY,2820,6750,1990,131,638,,Active,,,http://www.redfin.com/CA/Half-Moon-Bay/435-Correas-St-94019/home/1306879,MLSListings,ML81832728,N,Y,37.4626635,-122.4369478
MLS Listing,,Single Family Residential,12398 Stonebrook Dr,LOS ALTOS HILLS,CA,94022,9699000,5,6.5,LOS ALTOS HILLS,7019,76797,2020,132,1382,,Active,,,http://www.redfin.com/CA/Los-Altos-Hills/12398-Stonebrook-Dr-94022/home/1313516,MLSListings,ML81832317,N,Y,37.3591867,-122.1199441
MLS Listing,,Single Family Residential,38 Tevis Pl,HILLSBOROUGH,CA,94010,8888888,7,6.5,HILLSBOROUGH,4800,24480,2021,134,1852,,Active,,,http://www.redfin.com/CA/Hillsborough/38-Tevis-Pl-94010/home/174590951,MLSListings,ML81832090,N,Y,37.5679635,-122.3600437
MLS Listing,,Single Family Residential,3787 Woodside Rd,WOODSIDE,CA,94062,11488000,6,5.5,WOODSIDE,7168,137214,1998,135,1603,,Active,,,http://www.redfin.com/CA/Woodside/3787-Woodside-Rd-94062/home/892646,MLSListings,ML81831859,N,Y,37.4179264,-122.2656103
MLS Listing,,Single Family Residential,1005 E Homestead Rd,SUNNYVALE,CA,94087,3085000,4,4.5,SUNNYVALE,2828,7190,2021,138,1091,,Active,,,http://www.redfin.com/CA/Sunnyvale/1005-E-Homestead-Rd-94087/home/763483,MLSListings,ML81831636,N,Y,37.3380171,-122.0067774
MLS Listing,,Single Family Residential,1519 Oakhurst Ave,LOS ALTOS,CA,94024,6499000,4,5.0,LOS ALTOS,4402,11016,2021,138,1476,,Active,,,http://www.redfin.com/CA/Los-Altos/1519-Oakhurst-Ave-94024/home/173771790,MLSListings,ML81831574,N,Y,37.3537364,-122.0832321
MLS Listing,,Single Family Residential,191 Britton Ave,ATHERTON,CA,94027,32000000,5,7.0,ATHERTON,14525,115777,1991,139,2203,,Active,,,http://www.redfin.com/CA/Atherton/191-Britton-Ave-94027/home/1926911,MLSListings,ML81831326,N,Y,37.4520091,-122.199392
MLS Listing,,Single Family Residential,17203 Deer Park Rd,LOS GATOS,CA,95032,7225000,5,6.0,LOS GATOS,5032,120225,2004,140,1436,,Active,,,http://www.redfin.com/CA/Los-Gatos/17203-Deer-Park-Rd-95032/home/740679,MLSListings,ML81831182,N,Y,37.2195366,-121.9244635
MLS Listing,,Single Family Residential,289 Almendral Ave,ATHERTON,CA,94027,18995000,5,7.0,ATHERTON,9268,43688,2021,145,2050,,Active,,,http://www.redfin.com/CA/Atherton/289-Almendral-Ave-94027/home/1061358,MLSListings,ML81830579,N,Y,37.452167,-122.213658
MLS Listing,,Single Family Residential,20065 Thompson Rd,LOS GATOS,CA,95033,2275000,4,2.5,LOS GATOS,3591,82693,1995,152,634,,Active,,,http://www.redfin.com/CA/Los-Gatos/20065-Thompson-Rd-95033/home/833513,MLSListings,ML81829730,N,Y,37.1897051,-122.0215667
MLS Listing,,Single Family Residential,75 Isabella Ave,ATHERTON,CA,94027,28600000,5,8.0,ATHERTON,9786,111513,2021,152,2923,,Active,,,http://www.redfin.com/CA/Atherton/75-Isabella-Ave-94027/home/21968010,MLSListings,ML81829717,N,Y,37.455764,-122.197765
MLS Listing,,Single Family Residential,22100 Mount Eden Rd,SARATOGA,CA,95070,18000000,4,5.5,SARATOGA,7504,912146,2013,163,2399,,Active,,,http://www.redfin.com/CA/Saratoga/22100-Mt-Eden-Rd-95070/home/1703712,MLSListings,ML81828095,N,Y,37.268584,-122.06329
MLS Listing,,Single Family Residential,408 Old Ranch Ct,SAN RAMON,CA,94582,1598800,4,3.0,SAN RAMON,3351,16200,1983,168,477,,Active,,,http://www.redfin.com/CA/San-Ramon/408-Old-Ranch-Ct-94582/home/952022,MLSListings,ML81827375,N,Y,37.7388208,-121.9244445
MLS Listing,,Single Family Residential,20 Panorama Ln,Santa Cruz,CA,95060,2750000,4,2.5,Santa Cruz,4367,20865,1989,170,,,Active,,,http://www.redfin.com/CA/Santa-Cruz/20-Panorama-Ln-95060/home/2359337,MetroList,20080455,N,Y,37.0116431,-122.0286498
MLS Listing,,Single Family Residential,333 Bridge Rd,HILLSBOROUGH,CA,94010,5999000,5,5.0,HILLSBOROUGH,3730,23958,1983,179,1608,,Active,,,http://www.redfin.com/CA/Hillsborough/333-Bridge-Rd-94010/home/2053151,MLSListings,ML81826086,N,Y,37.5589974,-122.3410861
MLS Listing,,Single Family Residential,26140 Rancho Manuella Ln,LOS ALTOS HILLS,CA,94022,12500000,5,6.5,LOS ALTOS HILLS,10442,51923,2004,184,1197,,Active,,,http://www.redfin.com/CA/Los-Altos-Hills/26140-Rancho-Manuella-Ln-94022/home/1855133,MLSListings,ML81818627,N,Y,37.387174,-122.1341753
MLS Listing,,Single Family Residential,13910 Mirmirou Dr,LOS ALTOS HILLS,CA,94022,8480000,4,5.5,LOS ALTOS HILLS,5800,43690,1996,191,1462,,Active,,,http://www.redfin.com/CA/Los-Altos-Hills/13910-Mir-Mirou-Dr-94022/home/640588,MLSListings,ML81815332,N,Y,37.3821609,-122.1703033
MLS Listing,,Single Family Residential,455 Pinehill Rd,HILLSBOROUGH,CA,94010,5995000,7,9.5,HILLSBOROUGH,14671,107700,2020,196,409,,Active,,,http://www.redfin.com/CA/Hillsborough/455-Pinehill-Rd-94010/home/2016586,MLSListings,ML81824291,N,Y,37.5529132,-122.3614519
MLS Listing,,Single Family Residential,18771 #5 Homestead Rd,SUNNYVALE,CA,94087,3098000,4,3.5,SUNNYVALE,3075,7816,2020,198,1007,,Active,,,http://www.redfin.com/CA/SUNNYVALE/18771-5-Homestead-RD-94087/home/174017849,MLSListings,ML81824158,N,Y,37.3492097,-122.0326019
MLS Listing,,Single Family Residential,16125 Greenwood Ln,MONTE SERENO,CA,95030,17500000,6,8.0,MONTE SERENO,13674,243936,1994,217,1280,,Active,,,http://www.redfin.com/CA/Monte-Sereno/16125-Greenwood-Ln-95030/home/1538321,MLSListings,ML81822842,N,Y,37.236068,-121.999066
MLS Listing,,Single Family Residential,501 Los Robles Rd,SOQUEL,CA,95073,3295000,4,4.5,SOQUEL,5442,313763,1992,218,605,,Active,,,http://www.redfin.com/CA/Soquel/501-Los-Robles-Rd-95073/home/2414642,MLSListings,ML81822688,N,Y,37.021226,-121.9557401
MLS Listing,,Single Family Residential,14778 Bear Creek Rd #34,Boulder Creek,CA,95006,799000,3,2.0,Boulder Creek,3922,33193,1981,234,204,,Active,,,http://www.redfin.com/CA/Boulder-Creek/14778-Bear-Creek-Rd-95006/unit-34/home/174774766,CRMLS,CV20244834,N,Y,37.133135,-122.101949
MLS Listing,,Single Family Residential,44989 Vista Del Sol,Fremont,CA,94539,7998000,7,7.0,Mission,8132,117749,2006,240,984,,Active,,,http://www.redfin.com/CA/Fremont/44989-Vista-Del-Sol-94539/home/12113623,"bridgeMLS Bay East AOR or Contra Costa AOR",40928847,N,Y,37.5131692,-121.9093975
MLS Listing,,Single Family Residential,15668 Bohlman Rd,SARATOGA,CA,95070,5950000,4,4.0,SARATOGA,5255,287564,1990,245,1132,,Active,,,http://www.redfin.com/CA/Saratoga/15668-Bohlman-Rd-95070/home/1158757,MLSListings,ML81819891,N,Y,37.2395869,-122.0454884
MLS Listing,,Single Family Residential,903 Berkeley Ave,MENLO PARK,CA,94025,6995000,5,5.5,MENLO PARK,4864,22809,2004,260,1438,,Active,,,http://www.redfin.com/CA/Menlo-Park/903-Berkeley-Ave-94025/home/1006899,MLSListings,ML81811028,N,Y,37.4692775,-122.1650478
MLS Listing,,Single Family Residential,27360 Elena Rd,LOS ALTOS HILLS,CA,94022,3685000,4,3.0,LOS ALTOS HILLS,3300,54703,2020,278,1117,,Active,,,http://www.redfin.com/CA/Los-Altos/27360-Elena-Rd-94022/home/39924215,MLSListings,ML81815039,N,Y,37.3747374,-122.1508829
MLS Listing,,Single Family Residential,3500 Woodside Rd,WOODSIDE,CA,94062,27000000,4,3.5,WOODSIDE,6630,215927,2002,278,4072,,Active,,,http://www.redfin.com/CA/Woodside/3500-Woodside-Rd-94062/home/1038535,MLSListings,ML81815038,N,Y,37.4234968,-122.2694931
MLS Listing,,Single Family Residential,17101 Kruse Ranch Ln,MORGAN HILL,CA,95037,3499999,4,2.5,MORGAN HILL,2600,1721504,1989,293,1346,,Active,,,http://www.redfin.com/CA/Morgan-Hill/17101-Kruse-Ranch-Ln-95037/home/173278714,MLSListings,ML81812488,N,Y,37.143769,-121.60768
MLS Listing,,Single Family Residential,18331 Lexington Dr,MONTE SERENO,CA,95030,8499000,5,6.5,MONTE SERENO,8710,55896,1992,295,976,,Active,,,http://www.redfin.com/CA/Monte-Sereno/18331-Lexington-Dr-95030/home/1259748,MLSListings,ML81812132,N,Y,37.2387678,-121.9922303
MLS Listing,,Single Family Residential,2290 Ralston,BELMONT,CA,94002,4700000,5,5.5,BELMONT,4500,24913,2020,315,1044,,Active,,,http://www.redfin.com/CA/Belmont/2290-Ralston-Ave-94002/home/173633171,MLSListings,ML81808947,N,Y,37.5115283,-122.2998485
MLS Listing,,Single Family Residential,5660 Alpine Rd,PORTOLA VALLEY,CA,94028,22000000,6,10.0,PORTOLA VALLEY,14500,1817236,2006,331,1517,,Active,,,http://www.redfin.com/CA/Portola-Valley/5660-Alpine-Rd-94028/home/1233276,MLSListings,ML81803721,N,Y,37.3498571,-122.2123833
MLS Listing,,Single Family Residential,27500 La Vida Real,LOS ALTOS HILLS,CA,94022,39998000,5,9.5,LOS ALTOS HILLS,20982,349787,2010,335,1906,,Active,,,http://www.redfin.com/CA/Los-Altos-Hills/27500-La-Vida-Real-94022/home/2121566,MLSListings,ML81805680,N,Y,37.366074,-122.149725
MLS Listing,,Single Family Residential,2995 Day Rd,GILROY,CA,95020,3799999,5,4.0,GILROY,5600,1865674,2007,418,679,,Active,,,http://www.redfin.com/CA/Gilroy/2995-Day-Rd-95020/home/1352084,MLSListings,ML81791336,N,Y,37.0461756,-121.6468585
MLS Listing,,Single Family Residential,610 Los Trancos Rd,PORTOLA VALLEY,CA,94028,53888000,5,9.0,PORTOLA VALLEY,12657,583704,2008,556,4258,,Active,,,http://www.redfin.com/CA/PALO-ALTO/610-LOS-TRANCOS-RD-94304/home/1081316,MLSListings,ML81778196,N,Y,37.368351,-122.199305
MLS Listing,,Single Family Residential,700 Kings Mountain Rd,WOODSIDE,CA,94062,10888888,5,6.5,WOODSIDE,10440,133729,1988,664,1043,,Active,,,http://www.redfin.com/CA/Woodside/700-Kings-Mountain-Rd-94062/home/889688,MLSListings,ML81769297,N,Y,37.4340176,-122.2843071
MLS Listing,,Single Family Residential,2050 Green Oaks Way,PESCADERO,CA,94060,7500000,6,4.5,PESCADERO,6000,3679949,2005,674,1250,,Active,,,http://www.redfin.com/CA/Pescadero/2050-Cabrillo-Hwy-94060/home/17309043,MLSListings,ML81767773,N,Y,37.1349347,-122.3042648

